cookie_id,score
ck_315fb710a0e371e7,0.0029142995679632563
ck_a76ee3b3e3e522fd,0.1276702414356936
ck_94c9a4d382689e82,0.08431122839417915
ck_8eaf9509ad9462a0,0.00273055763920459
ck_9a88a5a989cb5bc6,0.008139260055173536
ck_15239ef0689c1a35,0.009552635095440184
ck_8de69cd219d3b87f,0.26557738654651347
ck_f92cd37022b0ce21,0.02006737733439905
ck_1a3ff7620580a514,0.008647823545550761
ck_397c03aa33a57310,0.25013938882737835
ck_a7cf6c3b322f6b7a,0.023645516936215624
ck_c39a9e75760e3201,0.007310517350000943
ck_88ab6d245228c38e,0.001674733111227176
ck_17733f75ebdea93e,0.0034712087152885345
ck_58eb871e8d7bed52,0.022562898369129086
ck_e55b7fa67db1ec27,0.015389863996015522
ck_62f5cfe22c952694,0.02545321537340382
ck_7fbb709a0fe95759,0.010471132759615752
ck_87abe9cd066a20fb,0.0571519739044981
ck_d58e058b5c553dd5,0.0046929202201040805
ck_d27b872648b71202,0.0093008619831572
ck_4b4a3c5b95c55b43,0.0021189876208944376
ck_66dd4f4b4127256d,0.007885251721060579
ck_93cc12703b500613,0.031066524536536928
ck_d28806a2179092eb,0.9720913198495625
ck_0595c2a0c7881e05,0.008029583413012176
ck_50087d8666191144,0.08544048383118068
ck_b08b3f089138c901,0.013097475302527925
ck_fe3b67041dad2dd1,0.00465416669470516
ck_8449a28f7d475d93,0.013643521252840124
ck_8642e3b6d84f49d3,0.011934596015123597
ck_e49b5e4f2f2e79db,0.6607348272228378
ck_437afe412ea4259c,0.10602621350482366
ck_569b83668d74042d,0.07587981745938553
ck_233a487d31c3e631,0.9853639585665003
ck_1fca72e03143a645,0.9401850600318324
ck_79205e31223df2ad,0.012946246666942959
ck_9625a64406ea16e3,0.003459822488269166
ck_079bd18dacb704a8,0.14241607194034098
ck_4db6d4fd2b49aa81,0.054538939506162
ck_0dbefdac0a1868fb,0.005217888611724332
ck_24ff97ad90bdd69a,0.14188950899538497
ck_77f8c5042065d506,0.0067059879496368996
ck_f11be8ce05382cec,0.04906893833615639
ck_c9d72140b0389216,0.08013332085110324
ck_69eda24e931fb36a,0.002658495957267646
ck_ed471e496916ee15,0.01270139344191152
ck_ff090498c4b17ac3,0.00990659131400005
ck_c3c19d6a0720915c,0.008103152013838337
ck_af02e1817cfa40b5,0.022314548836401216
ck_2df5a9fc87553eb1,0.008403733680978904
ck_4ac918e884cff336,0.03535867864488639
ck_ca149244b54ef3ad,0.002687849696430381
ck_6babe5b8674ff51f,0.017367145720290644
ck_1573878386886290,0.00647708650048906
ck_3925f8565abb7fe4,0.006017691834024233
ck_c4de808ae69c771f,0.001587779711709185
ck_a777c813551281fe,0.003934972976144915
ck_df4424f6dd85080d,0.06514234990993743
ck_85e5494ec20383ae,0.019573190659636443
ck_f71a4094e889c3af,0.005643078251986168
ck_f2f3cf9cd23b2809,0.033361309438556745
ck_18e2076397bcc211,0.03146371987702354
ck_c9f9fddef39bc664,0.03656996082814683
ck_7e826e233d6ea028,0.010882628510727044
ck_62fd7eb46bee9210,0.015543703162499848
ck_206f8e3cd72768f3,0.04839408329887639
ck_aa295a11b0a6ab36,0.011400068729402635
ck_9a56739d81f84a53,0.009920396732277586
ck_aa075c418ed9fe5a,0.08602897799994262
ck_62b9fb3db284941b,0.02200237186053831
ck_f4f83b1403ebea46,0.016300506827314765
ck_16b66bd803288bc3,0.31041608991486763
ck_c4ca1434f3778f1d,0.9744003352054418
ck_1b823610371a29c0,0.008654889316680367
ck_c2bd5a722aa637d9,0.007352552551715237
ck_7890208951df34f0,0.017657935890278715
ck_020eb0e454524ecd,0.004223158458186307
ck_3b66196ccf436c35,0.008838107267916048
ck_109fc467ec0a4af5,0.06671727419238564
ck_f3dcd818db92de7b,0.015943097645840416
ck_31e7742f160980ef,0.02776742411117766
ck_77fce5f86f00b8f4,0.15151128490848456
ck_46bc797b4d07d607,0.004068390495664163
ck_37899b1b571b1c6b,0.007377867798206244
ck_ef8a6af43fedd464,0.004552827728854406
ck_bcc8519fe8521038,0.031146958007300635
ck_90696b7182dd9129,0.010926957771362848
ck_4a24ad61d017e1ba,0.02749406381743352
ck_0acc3d8c67218b9d,0.005502409404993059
ck_05c97fc9de11aba6,0.1425889834665324
ck_f8ac3a0500c0ec62,0.006833172986903657
ck_617b65141f546a1c,0.008068980366977067
ck_9d00823bf60388d7,0.015795187391042326
ck_123c15d93f1840f2,0.08738797279766165
ck_573feefba6bf78bb,0.0812731189442964
ck_b25657bd16739036,0.003966787828088246
ck_bd26d2bef14a8597,0.00509798772863093
ck_a553418f2fba1440,0.01823416597948493
ck_89f3e380b0686963,0.003803568548105926
ck_b359192aa659bdce,0.011912032264349849
ck_02241f3dc301bebf,0.01135768781600587
ck_5ccc1a1c78cb33ee,0.039639948434521954
ck_349cc5edda1b8853,0.18375325684774438
ck_e9f228845bf6e28b,0.11131471065235492
ck_0a45d033d4e280ea,0.025873122339437827
ck_7e63168dda612235,0.009631564089814757
ck_676fa5f6aae5475b,0.007391994049951744
ck_74b502b20690ccfe,0.027790047545582976
ck_073509af21dd7f5f,0.24833358470668498
ck_498a0acd450944d8,0.004131657839381558
ck_7f15b50b29dead01,0.06879881214052347
ck_8089fe7403c5f537,0.010016003897188356
ck_05b2b04e11d9ae9c,0.026305368363033474
ck_31e70f2f04b48b88,0.005339690723957153
ck_994316fa5a02b319,0.0027975045574646315
ck_b76510998b9a2260,0.02028815887754407
ck_4db95c310e105d30,0.001416685421719034
ck_6f730b77dc6cdb84,0.0034268305338327203
ck_2493ee8e7b91d304,0.037560395692325825
ck_92d679d6ac7dcdcb,0.06132573394585711
ck_3a0e0200cbb185cb,0.007637274835753108
ck_0b2eeb4e00ff7955,0.02162308981685814
ck_9843d0e61c37ebe8,0.9895512787099765
ck_e61c8721e3ef1921,0.0053487378853608
ck_2e0eedaaf2980c2c,0.0031667974812554477
ck_9036b2e5e9298a34,0.007361527970837699
ck_3265442528d51728,0.006600665650377664
ck_f2ddae2eb1cb29b4,0.006214874577429262
ck_6cfa71d27fc27f92,0.006241163342442055
ck_f3199fbe84a28b9a,0.04654616494831565
ck_b78d785ca3ef773a,0.005947228089717905
ck_374865697f1480eb,0.01721370007721422
ck_06d0e4a9189302a9,0.027186268506884086
ck_9c9884b9bcaa552e,0.1418510399987842
ck_fd4cf578e87703ff,0.03910391134516466
ck_1917ef3e6e345549,0.08777023615606207
ck_e70418b00cbbbac9,0.02584614078915441
ck_a60388296a47062c,0.012522336911240856
ck_d598fe8d2c779ab9,0.01727337152980694
ck_646dc03de4c31803,0.8101525458344664
ck_e4fd8cbd842b6993,0.06520735048960564
ck_2225b555aa2a42ed,0.026812648347854403
ck_6be8ae9d78148882,0.00781809850887137
ck_4199342d3aca74e8,0.05341060001429823
ck_779581adb573261f,0.006635314732043911
ck_bb303568b6915205,0.04831467195345943
ck_17c4296276448afe,0.004083356415615946
ck_a60a61ac829252a0,0.010773198476216364
ck_6ea70950c1cae00b,0.8958853773696954
ck_1abb93f6924645e1,0.02172535346380879
ck_faab769cce19879a,0.0579028399892641
ck_d5b8e74e7ca6355a,0.07386641632389242
ck_f11f7691af16ad07,0.004182090531760646
ck_188fdf2be7c92e9d,0.9894625275572442
ck_4a103f8254b366f7,0.007220665653193246
ck_bfa17a0b1760e616,0.0065338316145820375
ck_a4d7f6a5869d440a,0.9217758756784731
ck_58e20f5a3e7f11b8,0.8517281171672854
ck_4becdd3d2696c7ba,0.007552452716706726
ck_dad5cf32ab9f243f,0.00612947371591337
ck_7d9f73dc7c4f90c3,0.10759092039364272
ck_c19371047a2d011d,0.008353076035878981
ck_247589ff532f7aa8,0.0063646256457408415
ck_7a9f241d5f082567,0.006865412549520374
ck_0a2b7078736b4dda,0.003905234496513348
ck_687b412e2aac7eb6,0.01179206681958371
ck_fce0b6855886a0b8,0.017389995448066974
ck_e291cc60920456d0,0.5752010148903115
ck_04219a7ea798db51,0.03065219133465726
ck_286bfd719836e9f3,0.18931723708192202
ck_55efc92394fee232,0.009348937055697256
ck_e36c8da1bd359960,0.029476832369441108
ck_34b0988a97d96902,0.005062122432744722
ck_e0fb11fc9dcb34e6,0.010337190347518253
ck_bcc9cbc9ed8b7c31,0.012782307875563989
ck_3df8da6f60a89a5b,0.027015206308472543
ck_b1495ee5c59a6b28,0.01654895120237942
ck_58f4c3ac61fda129,0.13312753203212965
ck_735f244b99e3aa8d,0.010887461035319951
ck_6b93bd8abf87b1d6,0.7653137074376658
ck_12107dacc6d05bd1,0.002969721201082453
ck_f96db2a1f3448d1f,0.015785454169871527
ck_8fd91a3c99e19097,0.01017595591018227
ck_910205d25388a0ae,0.004378502842766206
ck_d229dfa0e4442628,0.005115370760922747
ck_7cdec61e1c488798,0.03852347498363112
ck_f66f06e24ff32671,0.012687259802758028
ck_350bf14e90b503f5,0.004410580776440412
ck_61fff5fdaadd394b,0.006637870538316223
ck_e934f984bad2ff91,0.47594521206564866
ck_ff6a6d3547dd2d37,0.028203561051927107
ck_65ad9b15979e3247,0.020536333241502943
ck_bbe1a2ea5a403ad8,0.44221947680607315
ck_6f3a28eecd2c4031,0.007279509519076066
ck_a89b66665714058f,0.017228246200018286
ck_918c92182b6817cd,0.01795184192067309
ck_64f5eb4be9e7b8fa,0.1056410900473261
ck_d021fd497ea35fb2,0.018106304048614432
ck_004de16f7d8a42ae,0.014405627674556332
ck_a33d2325f86ab12d,0.010145526210267266
ck_89790ff26c844bc6,0.006423064407181112
ck_e6e7257377c37b28,0.21242516255798172
ck_a2cc3910a641a808,0.5597286490964197
ck_646e270e0195bf05,0.006265671666544616
ck_baba5d66def0d770,0.05698134363252344
ck_67cdcdda3033842d,0.018362251275405857
ck_b5c3075c811a2216,0.06529776709048817
ck_515379973a8044b8,0.00575459098069379
ck_c0ce85fb4109567d,0.016222148204668566
ck_fef850553862aaca,0.0035800449535213917
ck_55d7217b0aff9fa2,0.01007650307267617
ck_8e139f8925ef7968,0.008922370955683484
ck_9e35b908fca1e4d7,0.0036863023617313764
ck_59735f4ab2ad3da5,0.013836375287958795
ck_dc569c1167ccec0d,0.6325978487194069
ck_1dade5592f90a15c,0.023725998752220256
ck_793048d11fb8b328,0.10822826919521937
ck_545b71eb4fa594b5,0.0045445637049194255
ck_bd30853e9a57b544,0.01902654472114272
ck_59f46321ecf6d306,0.01100338083209066
ck_260cfe9141d249f1,0.27584405031853704
ck_3365a0ad1a8aa83c,0.007881009560514723
ck_b0ef193195a2138b,0.007833460424597309
ck_0f909705e2e60f2f,0.011619858569110625
ck_5a540b75c866166a,0.01407527481972441
ck_87c26b2f41025109,0.952616947739902
ck_27acc9f320cda104,0.15981967020148624
ck_a27bc31eecd9cb9a,0.014806511548956063
ck_115d86fabde77b65,0.004402250453614008
ck_eeca179341d56f8a,0.6860134395044649
ck_8e5999c436cf037e,0.0033095626447444005
ck_510e7c5df1f95d90,0.9816399178569918
ck_f1acf73363925958,0.011470068937418873
ck_3c177f5970b68bd3,0.013834263818126644
ck_9cdfaa1c30cc9d32,0.002405146421125718
ck_c8efa1538b37c359,0.008916103210291357
ck_a8a2e296f9804bd7,0.02579652338043582
ck_91a0ca45f429568d,0.010098531463933016
ck_5fdf8a0bdbd3ed62,0.020976761178426676
ck_0f4e2ec66d50da5f,0.008632204682338095
ck_28c53b214b2ee882,0.3647134458339681
ck_003148504557f720,0.3504397427098316
ck_01d840cffb870615,0.4941586568959246
ck_555848d51f4b5f35,0.01446495775310698
ck_df20cc23b8fb8e22,0.01339711390712081
ck_f9604adde929beff,0.005185615263911358
ck_d66952b03591bdec,0.010590749141253304
ck_ddcac1ab765ff61a,0.016973375454831616
ck_347386629d96c664,0.011279470158076762
ck_ab01db9117acfe3d,0.011194810079334027
ck_58e5359efc52e0ad,0.008450027162065119
ck_1a524b5cc8da71b3,0.16531290116455735
ck_e9287b6d909d731f,0.0032867299572640583
ck_bb41a66e3d90263b,0.20382182122920603
ck_e95c8cc1864bd584,0.019406654698630593
ck_7a3f2961e9a8b6dc,0.005557921680609583
ck_378a9df82b1e0bee,0.4128558448582537
ck_42633573639a3f02,0.9354259229189963
ck_2a5a4c18c2c7274b,0.011155907383193062
ck_77549c1a41f837c3,0.022976627598496432
ck_a26704b5b26258b7,0.007976650729555274
ck_9874ad160efddf50,0.003094398862499619
ck_9111e3a04b14dfba,0.020859202651921756
ck_651e076ee43aea85,0.03373360058056965
ck_391639c0f13932f3,0.002438852068925018
ck_02dbabda93c8c13d,0.015187044778207405
ck_0adcb1fffcb0a34b,0.015576026976852132
ck_7a43ef9c7b1c67b5,0.022555694434207758
ck_4b9dd69946438d0b,0.0067008667104697765
ck_90bf017cdd37b66e,0.03971820873120323
ck_61c74163eb36556e,0.020095957742921354
ck_13376c59b5bd6943,0.0019698184532049036
ck_62337eccb1672737,0.020351286724702395
ck_16077934338472bf,0.0019025015529381527
ck_0d4dfd93086e7330,0.008800135033131998
ck_3865b7525b910893,0.011932500105164173
ck_7e2ae8b69ebd5675,0.011094097098475558
ck_b4384b6c11766ce7,0.005377525918543143
ck_3d7fa32dfb9fc692,0.03625297930273057
ck_f4a6a7cadd6e0603,0.03959813948345639
ck_212525e2828a6c45,0.01318666800704383
ck_33ad8d53394ba77a,0.5421494181077112
ck_a5051eafe8b51224,0.0038365661332861937
ck_f65e5ff7da565f91,0.045182210436689275
ck_5c37f7563fa7591d,0.013577009467112289
ck_f1e0a006068aff29,0.016187122393672506
ck_c646cdead6fb79d0,0.005837844276055605
ck_f8b3cdffef535330,0.22777940397579266
ck_e5cdbe3aa12c97f6,0.012419390067712999
ck_986e4e61440506d0,0.12957852933918876
ck_6da9c5912e15d9a8,0.012741538356974958
ck_51d842e6dae74c71,0.010985838859320045
ck_5fc65c24e0736d5d,0.8291257011031273
ck_babb95a76c69509d,0.02082842083540397
ck_86a2d852a9715432,0.01722961690569284
ck_db4083a0d043def8,0.3497519081724961
ck_96953b8945b7d403,0.008955152681999432
ck_7831ca5c31fb3859,0.13992409524720584
ck_60ac5e5f375daa38,0.009621774165458891
ck_05d44eb1f5f085ce,0.03512671799816073
ck_432cc19c7eeaa46e,0.012334417124131821
ck_7fc513033af061af,0.36582449846769577
ck_ada6ede84c111719,0.02750647874499008
ck_6343e0d3b1c2962b,0.008183271168320879
ck_010264ae04f2e902,0.17727814590019017
ck_e9dcf535f8c289eb,0.10116458451097328
ck_37143d9cc296e6fa,0.014533184127637896
ck_61fa051192f3e810,0.02016881463237585
ck_f9f93d1d41be1468,0.5180912923416582
ck_c4f4f28457be8a74,0.0018908565056744988
ck_323a71f9452d21cb,0.5830577768551258
ck_170f4688e0acd875,0.03727079904553319
ck_869b1878d09d230d,0.088587801547706
ck_2f6b33bf46976229,0.05856563547919663
ck_b11e22e75d9b99de,0.0033007378187755614
ck_123d75ffb75b606d,0.006832293489319849
ck_94295287a04c85d2,0.15719913501265959
ck_1b0434f096795328,0.0031279608275168714
ck_0a4e191cd0a57ce1,0.003647548726776976
ck_d2fbd0df99634676,0.01331613857151316
ck_d51df5e9fbbbcc94,0.041535796335947
ck_2d3d7d64a6f443f8,0.009881724258261835
ck_731943c682c9394e,0.02542644066808931
ck_5ccc0c94e5e1f849,0.03042301226528742
ck_c3476080516db25d,0.020038633139902704
ck_5010ffb1c94187b5,0.0034364111464411182
ck_7ef666d67bc70223,0.023861885674763786
ck_c1b493527224a27a,0.00749630438660253
ck_5d1e25d7acc5af9a,0.01452286010112413
ck_ec30b61cbf517db8,0.004764735798906387
ck_79323eb5d2e5efae,0.005134632339357726
ck_4085cd3bf2661518,0.010905405439827353
ck_2ca91214c357c072,0.14681646748458527
ck_7f3132d6be389657,0.04502272026277976
ck_e7a6b925c8f39a85,0.03500904887929141
ck_c886adec7bac250a,0.015099290326211786
ck_c3f360c2d0ea0a37,0.011120115074066983
ck_a7acd5b015823793,0.021708362256293967
ck_9d64187c0800f84e,0.006685157695500683
ck_5d4ed73b9efd7d11,0.004873265018875355
ck_874eca6776b34dec,0.005493136948082618
ck_96a9221a87be93c3,0.03866685577692653
ck_68dd79a51eabf5e6,0.04734737068831304
ck_8311cb6755b2016c,0.00938474766849745
ck_16fc77b2bcf5ec03,0.8859258124715419
ck_ad9e2088a33c8c72,0.0023015616587791434
ck_7176bbc97b1e42a1,0.002691137398082983
ck_80dfa54b30f65fff,0.5377152359448983
ck_31c54d540b128843,0.004406995364482916
ck_43ea894480567274,0.09330544587550893
ck_9c9e8a38bd5a6c88,0.03427267819798171
ck_1c2dcae19539e148,0.08533026929386357
ck_b0fa8b84e94d8ae0,0.010660064067417027
ck_4ceb43ccd0a81c2f,0.007686869817856723
ck_ba845332b730b596,0.004876299001515961
ck_73d3e8c6077f61e6,0.16010092552238583
ck_b5d0d223ef56473f,0.021575499565772704
ck_949f08f8e80e93ea,0.0069603149163436
ck_73de0b49709e5f8c,0.003045575121448917
ck_b5935e9722a39819,0.033166150309596416
ck_96247fee0eb44420,0.01252370119848042
ck_a6def1e4b2d57e0d,0.017625579946069985
ck_aecdc5a96321a2d8,0.012510153587337895
ck_bc61c59970f8de49,0.032137577582651816
ck_c43b4175fc9ac5bd,0.5855369503464586
ck_8ff7a9b23a55fd62,0.009897133039291019
ck_20c99b645f462449,0.007551650115196711
ck_a5ce2ae36fb410d9,0.002567021647390493
ck_96fb9bf556842bbc,0.027003179973748487
ck_b5e4c6dbbed1b773,0.017366588349538473
ck_2085433978e72ea9,0.07947458718157344
ck_2c6b174b063ec637,0.014635703554682349
ck_b20b81b88dabe28d,0.00511215416725852
ck_243c18dbf150831c,0.006383999939665146
ck_2bb6a17e8eee35cc,0.04877949432373411
ck_66147fb994495396,0.12285261852442664
ck_73f124f075ede0fc,0.008495674915081445
ck_2e315f1b1e533dab,0.004109686932272735
ck_16c7bf94ed3e7a6f,0.002415524773365372
ck_4a0eae220a762ac5,0.029159930892504005
ck_dc16f939c2f44ad8,0.06855188131837381
ck_817926b449754917,0.00925283569118564
ck_0c0dde42ab64ef87,0.014092413460234593
ck_cb3a40594da6a2ee,0.05111717800849452
ck_d0dc156441fcfdcb,0.03011150178400494
ck_66f0945add423e9e,0.008217839910879786
ck_a74f6a3030f5d495,0.03024616626838954
ck_1ae460f331e49ae2,0.01579902137180055
ck_2d177b2f4f0b40c9,0.21763820214224805
ck_92e474e4368c4791,0.01880061098384329
ck_3dee83fa2d109484,0.0023788994370180024
ck_80e5ea27848069fe,0.00752673826787387
ck_ed0c4a83701ca230,0.01808482195285459
ck_0b8b7c5c581fd161,0.0070593039614877855
ck_60bf8a2870956fb1,0.014252485070867316
ck_73a54b56a2bf35fe,0.8888386678899355
ck_2296d7a563424883,0.008802243713335213
ck_bc19c383560c7477,0.020721650209832104
ck_861d8e3d88f1079e,0.03695063183803917
ck_3f090fc96c24eb28,0.007704006668989678
ck_9a6a1f8102febfca,0.08423849851490774
ck_541b6ad5d2fa5a39,0.01750274575502634
ck_a760d38d1bc4de97,0.005567019095654515
ck_7dca4d7ee10b4eeb,0.005385895807963688
ck_15220e78d1545e40,0.012406733079438487
ck_ca24bb0de508efb0,0.004609027836722259
ck_56b389627d8f02c5,0.9506548707198695
ck_48a6754977a44db0,0.005468739395138286
ck_333a43ec339a04cb,0.024683696096243723
ck_f22aacaf86a65d7e,0.06531630476850404
ck_04bd8a1ffaf3ffd8,0.0026670434466601
ck_2737a72de6b700f3,0.02860049327501893
ck_c35e03b0dd0c3454,0.014090513150021062
ck_e0571312f395cd94,0.014466628408756468
ck_09fab6b9825001b2,0.009860771713971844
ck_18c3a095606209e8,0.013966515979918994
ck_2a97db9377d01e36,0.005767743578457198
ck_f29dbbfdd2786bd1,0.011509511998608793
ck_35d6c510ad29362e,0.5719122425919325
ck_5468fa99c945d785,0.015968399895937718
ck_6f8102f62c876cc9,0.05626424711220451
ck_91955aab3424ad16,0.008982557808856017
ck_9a43c0c73a39d759,0.054654885471467934
ck_60b023af6d1e30bf,0.7736838510554757
ck_9704c5cf8659cedc,0.015607986914309606
ck_7e5f02b51b9f78bf,0.08741478700099231
ck_7d3a88d1aa649708,0.8763174447002092
ck_8250eddc1ecb07a0,0.04128253275310209
ck_d979ef95ee44023d,0.03656344338044639
ck_5e5461dac83531ac,0.015852744734496133
ck_d1bb8890081e0a31,0.005046309182252538
ck_32246c62640648d9,0.0030782254441383996
ck_77a40c7d2f862a32,0.01739092594389025
ck_1c8b94efe9238f5b,0.005071703857302536
ck_eaf3b6d11bc3cb11,0.010200197787457448
ck_a4a7ef3ad799c380,0.019245096250562907
ck_d5bd8f68da073cd8,0.2261538410228409
ck_6e6258227fc8db7f,0.0024395987776414676
ck_c35d444e05799db6,0.026999057314005797
ck_74665e1209140ae8,0.009402415623414847
ck_353a272478f7e903,0.007715522478596584
ck_a2c9796ea229a4e2,0.0073909086423706504
ck_e0171f91cb3411fe,0.03531180444255448
ck_703499f5410280f7,0.005019548358738331
ck_ae3a763997f8f385,0.07198243098984271
ck_f7ff94c3df5ac874,0.013402601000693697
ck_f3c16d8f747db046,0.015864178528352913
ck_7ef019ed77276496,0.005741008076889977
ck_d6a4faadab58a3de,0.009687906301146876
ck_ba7b78d31d74c794,0.010249813318289787
ck_36287d063350ce9d,0.02487636560413217
ck_5177fc7137ff26ce,0.0028661808383569614
ck_dfd4e79aaa967b63,0.01113399940916334
ck_fb44d15fb93a7157,0.019669250597186813
ck_fca478361870a4ca,0.014967722810587577
ck_e57b94fe57341058,0.01434232689596159
ck_5448c946cc4758fe,0.012431544087495874
ck_c5ece5ffb8800ad4,0.008852498289552814
ck_11cb98211b2ed134,0.8908980445315505
ck_f655399ac75c4450,0.009674649466531514
ck_c817259019588d30,0.016495053345794267
ck_8740a14d8096c6e1,0.02493225733968578
ck_0c5ba86f4e05b38d,0.022059615033260673
ck_ccc917533d4b73d4,0.02360825866307861
ck_9eb80edfa43203de,0.025699553342730413
ck_d1a1cf4cf61d6801,0.040705997621352845
ck_b17c239f160e6017,0.008597338243340271
ck_410c3e13b48e0415,0.008204680825322138
ck_ab553954435e8854,0.6456915216334802
ck_bdbb4230c91e1604,0.0118477396909856
ck_8fd4937eadd64fb6,0.00597974014053495
ck_e0e90b196bef3c11,0.012880400372494797
ck_3dc4d464386f0eb2,0.07963239743342894
ck_51bbbf8f8e8ad005,0.9923510118280797
ck_c05737ab74cf03c6,0.03497497003194335
ck_dceabbe04d99afc2,0.00455227569821484
ck_5b86fd14e85bc9c7,0.5335014675866644
ck_d4febf0083800424,0.013874377360657643
ck_77d9f86dcf251739,0.006825610328478632
ck_b4dcebc543deaafb,0.030055078561344956
ck_cb856e75c949b0cc,0.0010952170784342499
ck_61b067de8ffc1ca1,0.033871905860689555
ck_c0e8560ccfd9dd9d,0.007676384420674434
ck_173e1198c341087b,0.0031876389660761752
ck_b4d55bc809000276,0.02114592280476445
ck_839bf139296b5cea,0.012665284381879484
ck_78cd402a2a4f2e35,0.005445373344746204
ck_c2925c50ebacbdba,0.004477191949441453
ck_5e3bc76eddbdb0a6,0.0053466523458605975
ck_b7793edca26fc512,0.010340045402467794
ck_d79bdf04d6f31cd5,0.00495198128254677
ck_4b97d19ed946f503,0.01600410427447344
ck_37139b41c5370523,0.03189586834140646
ck_8c346eeefa9ce692,0.009052036703766713
ck_2ab7eddee2d8c49e,0.01014696580274289
ck_29da59ea3bffb9d8,0.09414029278639596
ck_c1d05ef0ec6e4be7,0.01234301345758144
ck_3882423b449f6291,0.9250851515957516
ck_5647030283171ed5,0.6194568846424283
ck_efbdcd9c181e72ca,0.018585762008521727
ck_192fdad892782daf,0.10784941494280703
ck_0bf2e13b9f2601ac,0.034522475894780684
ck_3d6046a533057795,0.025822650398960968
ck_279a1d3a3836e5cc,0.04127770125839487
ck_c375e929becde422,0.016018102989162914
ck_a59e90219939a1f0,0.0032849496023363615
ck_4e9fba1ec54c3ff8,0.013951047371136156
ck_bcbd8588a13f5eef,0.003875722621292548
ck_5f9a7ff990341bdd,0.0037136513587824192
ck_e0403d507519b7d2,0.006806630227646489
ck_c9490cb61aff5112,0.017678931195772653
ck_41dd44308e6a665a,0.16303801778659413
ck_76c23726cd7ca947,0.016580567554482093
ck_9be551300209fa83,0.013249777758315031
ck_a98848eec6c9581e,0.027381091393341744
ck_61176dafb33b2d8a,0.9299466304776941
ck_92de019e05971ce3,0.05345776189899113
ck_5d644224135d7c65,0.018755293758938002
ck_c767fc454fa215d0,0.00802476795171229
ck_5df85a8924e11f27,0.02622530308145604
ck_da2729307af06ed5,0.044816791559435167
ck_7c6b577174af7a78,0.007658120999105059
ck_893b8afbe11301e1,0.005586510211587646
ck_e06f6fed020ae014,0.008592922776965996
ck_386680372fb54857,0.011025681456135332
ck_7a7f3c4fe0c9d2ca,0.0051626570008345635
ck_f908b527c4db422d,0.03681732999603954
ck_ec2eee6a133e9a6f,0.03260750544354795
ck_d98934f9fe0b02b3,0.01903288375261616
ck_398a1ed77b0130e5,0.005240799186247922
ck_d960af7a55b892b1,0.008567698705194823
ck_4637e54a9f79e2e7,0.0019899636669469278
ck_02b9f418524f6650,0.031585211749935053
ck_d4b23804cebb045d,0.013855426872242546
ck_35b1939c48182a9a,0.012479765201392922
ck_2dcbb71e39d64305,0.013548624871998706
ck_47a884dec960ff2d,0.011789053423795414
ck_71fd8c346fde5cca,0.02737224917884166
ck_98e1992ac8e7d2de,0.05598663369245991
ck_ae7780327e210522,0.023693459812672124
ck_e6c584b4b1ad6d9d,0.005431125628963196
ck_344b2e326a6c3dcc,0.0044527285879076735
ck_9aa899a5230b0963,0.021020448403935906
ck_e48d14d5b70ef5aa,0.02889126715399798
ck_59d380a0973b3951,0.015929300430005372
ck_11318f7c041a5ba9,0.01168605870197065
ck_7061786fe2f22f5a,0.022995773398052366
ck_e77529651c416cf7,0.025276419875738126
ck_7f79878197340435,0.0038746592050792725
ck_b0a0fb0ee9ebf106,0.018814218435786952
ck_70c7679199776a90,0.012759553131646015
ck_b9facd2210daca5c,0.04303984035846815
ck_9949f53c155b8dde,0.0209643425698775
ck_1c607e24f2c4397a,0.04957148357281819
ck_aefd1ce3ce093cbd,0.003565892019270061
ck_5a29b7018e43280c,0.0031289846904920516
ck_69eb0b2ccfbe5f95,0.014962461968651107
ck_fe037765aa465c58,0.03662650275755051
ck_5e512ef5362a3dd6,0.005887400073216909
ck_544a9e80b7fdc279,0.004617086108065531
ck_7825494e654d5695,0.017391948479589293
ck_f1f2c3c623553f0d,0.0029672035603377357
ck_52730906e5b461eb,0.8171444049937587
ck_01e0689157fe9617,0.19263099791386337
ck_9da82e567074da9d,0.028578682780299597
ck_6a17384072f904c0,0.012017660738313847
ck_8d84d771a21942a7,0.0029031025010759683
ck_39638880292782a7,0.011656352479884008
ck_7d51c86e0eec72ac,0.010661006718513617
ck_45f4c821c70d134f,0.5716150424029237
ck_0af3c13ba56ce57c,0.0034055567237437443
ck_0789a05e061b2784,0.36619543396348614
ck_6ba091eb42ffa9fb,0.15653922124572964
ck_265accb3c5c32620,0.07645706061543132
ck_179039559ff7566c,0.018184673944237645
ck_17c0a6a92b5765cf,0.008443715656104625
ck_59371c9140239fd7,0.01758827164482658
ck_f9c4f8b4ce2691f0,0.012568953874207261
ck_a2637e4872cf4811,0.05903619298650031
ck_1de43fd6c6c22a5f,0.1490502680587326
ck_6e4f31bd108571f0,0.00353957273379635
ck_da06d97db0b18851,0.0240367428598468
ck_e0346d5081e640e8,0.0657228843890355
ck_c1c7d4e62c9fcded,0.08221286916601926
ck_2595669e421299f6,0.0238918518012023
ck_3b6057d51fd4c7d6,0.0756044967688869
ck_c5f8ab515840a0fe,0.01257160619561535
ck_435cb24538c6f77c,0.05430100881777422
ck_d84b5403da4cea7b,0.034334065406082866
ck_c2b61a98d1c8f6dd,0.7912358784531127
ck_c9dcd92b2f836b61,0.05100787446825377
ck_9eb5b3f5f672c2b1,0.0022940817890447674
ck_e4cf189a8d31649a,0.0028252163227053327
ck_6b114f2a48152b96,0.003742870440887104
ck_3fb95862b70f505c,0.04713172742527593
ck_7f780f465c29398e,0.00465751668203404
ck_ee387f9da79e67ea,0.022575430606181977
ck_fa3b1e85d27af2ee,0.040169747201717336
ck_e739eaaa7a1822f2,0.054320256748276265
ck_dfa0ac11fcb1dabd,0.0034725569494448087
ck_6e8751b571ea54d1,0.02726259693885626
ck_2d695f8358383092,0.02025467364648453
ck_e7dce27edb700f27,0.011075076976833825
ck_e322da8b213eab52,0.009015700821702286
ck_d0b32e039abb8200,0.011787841881105134
ck_b354003302b272ca,0.004250011963504249
ck_f7485cba392bc294,0.3435974135528019
ck_d6a290ff8362c7b9,0.1069013125573209
ck_c56a44fe315c0389,0.014071280930652208
ck_f77dfe6512eae322,0.011287687647689811
ck_35fe969c58b9e70b,0.05494973963041289
ck_4c518637db2322d5,0.08388107158370195
ck_cb61902798ecc4fd,0.020634883853828893
ck_56e6cfa32156a916,0.004439194702516539
ck_343e6ed2b9d35c01,0.0038136466875722847
ck_51440f64f7250ad7,0.05484721831185458
ck_295bca29c34cfe2e,0.03713289565737432
ck_dd30558576b45e7b,0.008940943584503078
ck_3a30132a57181fe3,0.04728004504038349
ck_4a733aeb833406f4,0.012403048715088022
ck_1b0b7c3d35ab1259,0.03674086979097919
ck_962c3bbf27cd4b80,0.024726505173202556
ck_9528e1d6b1707870,0.032771541166349054
ck_b3263e7f31aab45f,0.023438988966938745
ck_e69195a3c885053d,0.0051779074297609124
ck_a907fa8795cd4baf,0.0032435509764135273
ck_205c3405045bd835,0.004772168132460147
ck_e81fc223bed3c46a,0.025250567841833105
ck_363751deae40edfb,0.17351588458085077
ck_6176baea8cbebbb6,0.005036130941583574
ck_633e6579f5c74a5c,0.9116085724676654
ck_ddc11fc481eef58d,0.015577568944102999
ck_e975002c979e12c7,0.05045527324872848
ck_8e039b23acaaac00,0.02382505422813021
ck_1d6990d94a4d2ad6,0.012745980628349418
ck_e7b583acaa3171a2,0.10687277283626433
ck_c0133f60d39b2fb5,0.012652656197733586
ck_7d6bff85e7a694bc,0.020976894850572986
ck_d305b4d82f63f647,0.004888026195910337
ck_22bd0fc71f95e048,0.03929731606756496
ck_9a65fcfc7916f93f,0.0023655030620625996
ck_d61c837b0106085a,0.03978498474828866
ck_be86a1db08dea456,0.014647921058417931
ck_90489c405e6886d8,0.008396730145339185
ck_0add2c321d579d75,0.023589030618283897
ck_482dea6eed92cbbc,0.015106868106718565
ck_c24b47184534cc2c,0.9828138876093773
ck_fa04ac31e596e7d6,0.02886604002492935
ck_084322dc5a3a86f0,0.012397981586185117
ck_ccb72a33cc1877b7,0.01910745617246189
ck_afaf374009d3b248,0.007239550593424742
ck_b53084ffede19a8e,0.00418302270752272
ck_4760216154c8cac2,0.657706770201499
ck_37ad3a65db673e70,0.006167911684941101
ck_0c2932cc0d553694,0.013150459825071598
ck_86b853c52f20fef5,0.005235017999950904
ck_38703b7546d35a80,0.02908541977801109
ck_218b7e6e6dbd2da0,0.004682046578965311
ck_402db4184982fdf5,0.016236350884568776
ck_f917c82af80e4a79,0.0635831674659369
ck_3c6417a233c68c73,0.03688763025646711
ck_98068c397d70dd3a,0.018764643848678868
ck_b1cbd6679c0f8d95,0.004835089488517726
ck_9e962f9bb0e7bac2,0.01682457835312193
ck_b08247c3ad567d92,0.16693347289538343
ck_3ef7a03ebb81cfe3,0.0031868000214577683
ck_5d7ae0e3562e99bf,0.034184975967865926
ck_c91a628236baf91b,0.17361459632555418
ck_7f8e816ca51755e3,0.4752592433558422
ck_5aadd286d188f5c3,0.0052004610895313
ck_a037aff5f8128c73,0.005826321681774278
ck_5df6529ce8290906,0.016767079798145092
ck_5f3609511443e5a8,0.004434414666174154
ck_a6f61864fac3c8fb,0.0081719922304715
ck_2733fc6ba23ae46e,0.01593144951457326
ck_22bfb9246646eb41,0.8436805806150431
ck_bfc2a57d8fd1610c,0.5996222871508508
ck_49839e761d0e74e9,0.012750625086753467
ck_aa4ba931dd37481d,0.0029400777438087847
ck_2f9fa0d61829f815,0.009049026667583775
ck_5b82c774df10d49b,0.006134504193442113
ck_411219470d0a195c,0.04003692938430084
ck_d07485ba10514a2d,0.19299680366819294
ck_219bef979ee21bdf,0.0020510803391789924
ck_eb1006e7285184a6,0.0243554268218182
ck_fd242b18575e3063,0.04507418108247487
ck_95188150ff059c70,0.061765331978848204
ck_a9ca2f447b984a6a,0.015604693824826196
ck_2dd39723c4088b64,0.02631504551952826
ck_aa2b4c662ff213b6,0.01324663197830285
ck_1867b1199c864db5,0.038625352002080844
ck_850ec97a5a0dab9a,0.014331514959274491
ck_562320295fa35875,0.0033591941354051322
ck_bab5759b07fe2bea,0.007007143625909855
ck_b9f1465d803e57b2,0.11308140398879214
ck_8f21f2690c32c691,0.05726469791541306
ck_df87d6f61a63eb21,0.07371174488488817
ck_770475876d0e7e6a,0.005828085049676129
ck_b4c014d5c0cc9eb2,0.014492363170050619
ck_3add4d23124c9290,0.007983300824050828
ck_bce5b7fecfb6264d,0.06600165566993771
ck_604c17cb97dc89be,0.0415711550630238
ck_e52cbcd9aafd26b2,0.007090009698508696
ck_0ac9114076f5bf3d,0.010159274670552571
ck_dcc125b178b79566,0.0018990580901197497
ck_4e333c09f0c37dee,0.03785225034909597
ck_ff7e31ff8ba731e5,0.005613238364778363
ck_8d0532d24f1070d1,0.0019621852181919155
ck_3689fa41748a6f6b,0.13490595623491675
ck_7509eb97c1948b16,0.0341068067299957
ck_a9161cf1ca22a6bf,0.008493922105398316
ck_bed3e3db135b782e,0.024622747127627256
ck_9040edd974ef8e3f,0.5881055403453943
ck_fac32d76ed40f683,0.02517952141019979
ck_3d7b1078e2d57c69,0.009582253449839881
ck_dae09c4e074af5dd,0.007517513637602614
ck_fd84507228467b40,0.03242284053771414
ck_e2a2ce9b8cf44c63,0.02481032155365521
ck_cbe716f351d660d4,0.011669885328629774
ck_cba4162ef29a6d27,0.02721961491099001
ck_4f1e962ff8a29732,0.019140540167905725
ck_39a81899dded61e4,0.00759683012541412
ck_25382331551d22a5,0.027849629910619633
ck_6d64e1c07b19856e,0.0258024940899657
ck_165a868bdef28ad3,0.030858270668192588
ck_88774ae52e30e877,0.011007846446834777
ck_fc7a9d0643570053,0.0035248207884558003
ck_c2017120b3b88a46,0.0035771344424899583
ck_d115ac6b9fd62a7e,0.012057094401773839
ck_439cf7d51ec7de0f,0.005828394457931744
ck_2468a7e9e68a0927,0.00629191047995425
ck_7c418947124dee8f,0.06639019341174376
ck_fb0cf32c4a56f740,0.025859308272590687
ck_694eb6c43193afd4,0.061758633647800966
ck_993beb188dd4abb6,0.016005810474307627
ck_77fa39d3b733c226,0.10447876010073363
ck_49969a9abc47cb69,0.016539677566753577
ck_d3f44bbe2f7e9b2d,0.05715882684711379
ck_fcf5b8216d0c18ef,0.006658469737676885
ck_daefe1e2d2bc362d,0.0056124697137091
ck_9c9287cb28950eb6,0.024251736193510367
ck_c1d1a625b885a975,0.03301065675451131
ck_71b37fe47490b4ba,0.006901863573408021
ck_5d16e257c0635f7e,0.15270287363982973
ck_15918075563eb074,0.005462802023519085
ck_9a15fdefc47e8d11,0.07088047833843768
ck_6f04d047d1dde75e,0.001696143803875376
ck_1af2c0b3b8d202c1,0.009371191094840888
ck_174be2231c5fd2b6,0.004508825328255562
ck_bb0713a2a1d65982,0.012621535522108191
ck_0daec63bd5b0729d,0.021213627727732543
ck_c0b5cc3e8ad2ff44,0.021736774158112593
ck_35bee1fc12664644,0.10222578734717268
ck_a1c7cf63467df4c2,0.003446359519829022
ck_ecb1e15f0b185ceb,0.059136642715070444
ck_f280d31f54a4710a,0.013807418993763807
ck_30f4b2ee8abe1342,0.2019311514112431
ck_66bed631354de5b7,0.009501151946670172
ck_c2d3ecd7278eba2c,0.005597858932495298
ck_e901dec0e09eccbb,0.006166260374022618
ck_5d038ecb3c8748a3,0.009725856799451702
ck_283c5bea94b21e80,0.005310046614561803
ck_7956c251b85f009e,0.7551243319147383
ck_9f5f81d771146aa1,0.0018003635269694845
ck_9323e6fc1e168eda,0.6392116869460528
ck_10495d3a635b8d69,0.04393922374771462
ck_1982d571cd36eb0c,0.015975978687774534
ck_4f5d7985bcc2eda4,0.0031783729000471063
ck_7df526b2b4410bb4,0.04634428951513622
ck_dbb498b1a346a402,0.0032262679007181746
ck_ef059997563e3330,0.014487082160877851
ck_02ec4e06709e6b82,0.007634715866351629
ck_9782c86ba6485f88,0.004762937567817378
ck_d69de468b44143ca,0.005543463636641917
ck_6430a8792f400e0a,0.021089387110205388
ck_8285bd3c90af94f6,0.005471758923942328
ck_985c9ca112000e9a,0.047393789015413
ck_e679fbf4f4f4aa07,0.03650992423574087
ck_016e8c8eaf9d511b,0.03520241948978408
ck_bc996c523944644b,0.02821693125789272
ck_5b8315726f6204e0,0.012269758408926945
ck_78181f8e998e442f,0.007791540626222404
ck_71c68dfd011dbbbe,0.5808220062772634
ck_db32c95ce2b6f502,0.668405298675677
ck_755010362a9b1bc4,0.008035488851503837
ck_114141d85256c9ff,0.0024424576160824835
ck_9d1a5cf5a3b87e48,0.017386566433636494
ck_ab640420858ab5c4,0.20737975225455807
ck_97a8dac48dd62488,0.13165296780954686
ck_879cc3166fe1bada,0.008566378559324852
ck_b0ed11080076e381,0.005109568080318652
ck_7334a9ec656263b2,0.014998035013278262
ck_6494f0ef13ce44d9,0.009098220415352349
ck_724e459b9ece38f4,0.023669877996334854
ck_7fd8b1470401695f,0.4879896059073472
ck_292f81186358b0fa,0.013209412623216671
ck_fa7de64d37287615,0.026709155735202453
ck_d00e09e66ed6458b,0.24500366339741975
ck_b8d210e741be186e,0.0034883282338045696
ck_3db59982cbae4410,0.1246887849026297
ck_69887d0a9aaca6df,0.005026294852812544
ck_4feb21e2fb0b3977,0.008608369923361725
ck_08c6cc1e143475e3,0.009087167752536348
ck_fe6e168cdbb46b9a,0.05204051285720391
ck_07f1734be7fac56a,0.031402564170044715
ck_d66d59981307db93,0.03656208421384521
ck_f928dba0d587d7c1,0.0035405284970092626
ck_786448fe3004cbd0,0.005275531732872708
ck_29ea329fa40ace62,0.011205491038231152
ck_7ea52b6f27edcb73,0.061726219722999
ck_18bc51bbf3ef198e,0.03510088223449271
ck_44950df09ff14ded,0.01763004717573001
ck_c1466b52c0a10b93,0.018198215551641275
ck_6cdac067cc4db5c5,0.040243449323386644
ck_53f55c6e8cf2d432,0.003755533522948396
ck_95945f48453ca532,0.0532255007863775
ck_87cce4126e215153,0.015064657010917368
ck_1ecd5516c92caa4f,0.002070304802768052
ck_819b482bca14c068,0.1933430492826976
ck_a61a879dd46fc9f2,0.016316812113975038
ck_af70aa32c009c3c9,0.02721358412228146
ck_f4fe78e249092ab1,0.02845016678279245
ck_12c46bc52bf45b36,0.011990304714947534
ck_f05f5e4b40afa52f,0.0742306682455502
ck_0f8cb09d3f4fc980,0.1328736829094357
ck_80a64a7f0275a71d,0.00934757948380388
ck_683af7b1540a0b22,0.04028973184616564
ck_51fe0b613c076cbe,0.01529219896277754
ck_da1a2450219dcf19,0.021331074818817117
ck_2a7eba01ceba6c2c,0.049839460603150344
ck_4e329e29dfa743ea,0.21021864956019212
ck_0274d881d6db82c8,0.007534807898430997
ck_0af5b7d128035b35,0.010825944812111446
ck_ae0a7be6b0a0ea68,0.025353718413889035
ck_de5bb7a4d091386d,0.08764357604977115
ck_2bb7c17168a9d17d,0.02457873709226585
ck_0ffdff7b2f5fdfe4,0.02212791858962988
ck_718a8390b3d42d7d,0.01001204818209025
ck_7c4f12d70f184533,0.003275505055616817
ck_d3e2c26b8adff099,0.020103863893645883
ck_ac9d3d9754104cf0,0.004786702703264795
ck_3b1766a1d51f8f0e,0.1737577663655697
ck_a9bf75bea912027b,0.08337018221914132
ck_687eab3ffe1f8cfa,0.014590421772224369
ck_25dd0b02af5b2f37,0.035365388345829495
ck_1747fcc466f0ae38,0.00441247488792615
ck_f6e9d14dfb6f3c28,0.04131758865441354
ck_c6a7bbd0adc4d5f3,0.033130883799405396
ck_46656a23f4456d22,0.5770902559646179
ck_7519260415c2998e,0.03204039565568953
ck_754f30ea19df857c,0.022847010645520843
ck_ba88a244d5f7380f,0.03217704244803541
ck_f268416945316815,0.015143422531321076
ck_21860dd2159dff28,0.0075336914593182635
ck_7a86ef4e2beaec38,0.009331687311879933
ck_0414507baeea936a,0.011942172571669183
ck_60796eb60fc3043e,0.0067485479308502004
ck_1e0841ed17fe0562,0.017035301461755734
ck_0d641d32658d6e0f,0.004299582052336963
ck_b36086ae6d87eec1,0.009581420861866138
ck_962e65ab33b5c311,0.9074590592204755
ck_b046a42684468e63,0.011139736939759568
ck_ab3426435b0017d6,0.03166744683094005
ck_fcfe06e44d09a344,0.05684048828736277
ck_0f6d916c92189516,0.011067661366237625
ck_d4c8f0d957c3965d,0.03322101755943255
ck_2ca83dbd728af019,0.017576739297225533
ck_2857a4ce9f72fbfa,0.002692956881789216
ck_a60e6edc48e3d0ac,0.5481357481374197
ck_0cbd3b27063d4415,0.10731905000999169
ck_612089ec90c37219,0.013929530317564017
ck_ec4e597f17f473c6,0.0172343539654924
ck_1c93cc58f314bf71,0.040166675812555085
ck_2b359a979520276e,0.007922149591722667
ck_1496568ddc3b2d56,0.031411829229023726
ck_41d91dc9f5063566,0.027715757681677677
ck_4c5ff58afe3d7a67,0.0024975057470753123
ck_81709736281fa3eb,0.002302349945310911
ck_d89abbab3d4957aa,0.008310114651736934
ck_52453401f88935da,0.024325262026288777
ck_a477654d34783e06,0.00465035452014497
ck_72dd0dbdf808cb00,0.036667782547956024
ck_c183dff3781746cb,0.08302215408405574
ck_c8b7f241810b45e5,0.0032535020278670074
ck_f88028c3f306bc70,0.01690644314208797
ck_91d48d69e4f5d9c2,0.00930014087606127
ck_b74b9ba6d7c9aab7,0.21099916472682453
ck_03e904682dc73bba,0.013454668729111796
ck_fc6fed6ea96a004a,0.014154022484525209
ck_51efdd240e34c642,0.029077486519126144
ck_e78ab4ff52b5fd2d,0.005587736882383007
ck_4af7b97c24d89a45,0.03438867799568994
ck_295c0072eca7f7a2,0.0082554728463696
ck_8abd1a50a9227463,0.02144180197191925
ck_ecaa6f13304e3dc5,0.0036114834816121113
ck_de436e7b319be1fa,0.989930803356005
ck_c802cf8f61466027,0.03930324977861773
ck_3d83e0a3c1cfbf8b,0.019508577001339327
ck_28d2003c2d16e4b6,0.0020719187219394603
ck_8ddaf745bbb9cd62,0.004169656426710717
ck_493b6256091014cd,0.027396406227020165
ck_a2245822cfea997d,0.009651056198721886
ck_f7305b3c64cf8a03,0.04977090805899633
ck_9937dad93a0ed3c1,0.005095162354027191
ck_d654449f9231ad76,0.005969370182047885
ck_850e2b59bc535490,0.026672347235536978
ck_e55e5bdfc0242aef,0.03680938860332647
ck_d35c51e981b98c5c,0.013006164082367709
ck_27cdf9c5e6f0915b,0.014004653283922051
ck_d328db1e1052d820,0.01063254055756909
ck_0ea30eff5f361cba,0.004948453005134587
ck_9994323f97109f4b,0.9790651398146853
ck_09054e97bdf9624e,0.00186964905416433
ck_723b4afc388113c8,0.024268520535102683
ck_588f6e6a6a6d93e8,0.013819665383715847
ck_e1d563fab4d6116a,0.007810594581661658
ck_53aca610e20598bc,0.013596088174943524
ck_c8131ddc7ed33448,0.012541850789037025
ck_899f88464305824a,0.01287620749584354
ck_1c17c65804f8889e,0.018975160525230614
ck_45a16ce12893cf9b,0.01038541790056255
ck_f9d481aa4f9b2808,0.549801535370455
ck_1d5d74169cf892ef,0.028509413956385867
ck_aba32acb61c1aaca,0.023307288934460452
ck_ec4dd3675a8d28cc,0.005410313973971106
ck_5dcd443fe0bbdeac,0.005373534105294825
ck_3a47e3f54475e854,0.0033898017825185374
ck_a9aa5c344c315532,0.013879401137498007
ck_9652283c9f61fcec,0.005847546309315819
ck_752dd3d2487f78ea,0.009260918051200245
ck_a821980ac4db9943,0.3507037460427062
ck_93e0d6befb67f7a1,0.039852299903361525
ck_e7a3881c3e36bd51,0.09563936452627582
ck_12631b78f8a03df2,0.0029582671278237326
ck_57b8226610b48854,0.005515847328522137
ck_352657008983fd4b,0.06096031018089886
ck_0841a5c24fd3dd28,0.013922173319569407
ck_db9b9d5d30f74070,0.021891912635491756
ck_a9dded7f6294e44f,0.07495407558526312
ck_91a16336ce3217dc,0.02098391064460862
ck_371bd9388b287677,0.0037897928817291642
ck_f285e5e1912a7c62,0.005603767318775981
ck_368b65fca69fc415,0.05790019874359378
ck_d27a73596b6500c2,0.016340579821668564
ck_2d963f9b2c4d11e1,0.024422743468663837
ck_7c500e219af39486,0.006113120310185659
ck_7d025dea5951cba7,0.0066238811361192
ck_32f632706608859e,0.008971570977499914
ck_53816231f3ffb48d,0.00737575024066956
ck_9dbe184e81c1ca8d,0.18180532203606167
ck_d74123617f22a21e,0.010571616705797425
ck_275386782b1606f8,0.003880455104903554
ck_0b0e79d33e50cba5,0.0028325491694554984
ck_ba93cb604f792915,0.038868301850647484
ck_a86cd653472eccbc,0.0085151794503283
ck_87771861e0447210,0.09402872087248115
ck_212380e0371d8a6d,0.006947128226140076
ck_ef0d702d7b0ed745,0.006216411969547363
ck_2b8f33e22f939372,0.5763344912630236
ck_480347ad92037105,0.016313325636103406
ck_20124c3a16c53ce4,0.01041811189064402
ck_c9e1e3229baae708,0.010918030933138144
ck_b1befe967f7a5ebf,0.059906426096259936
ck_4672167d7c989bbf,0.18454044270533032
ck_f0c44ee5e3a42e3d,0.029648172113434988
ck_c416357d20238a4e,0.009339807097747005
ck_d0f470f8078c91df,0.015574144343174355
ck_3a70b4ee59084715,0.014912772545990209
ck_179ed66cdfc1ce27,0.024522122378571317
ck_387e5a7f163c7837,0.010912801405095268
ck_08fb463e69f647c8,0.976008328721068
ck_732f725747393ec8,0.029555411377487576
ck_7cc5e0fa3ca5a713,0.047787724195628344
ck_ad4a4daa826ac68b,0.02526860218541128
ck_472e0be7a3b533bb,0.026159428294851596
ck_7190177963eafdd9,0.017454472489954517
ck_647ac26c5900f082,0.005017452074963591
ck_272ae2179bbd8e58,0.008427871553710168
ck_09b0d8af304646bd,0.0028484425407337513
ck_ca0cc8ea9f344408,0.008142200680889125
ck_332ad134fb909869,0.010090981313519437
ck_fca2798914627dc8,0.11654148395139467
ck_4450b55f462ae134,0.010906585580574599
ck_d67d9dfb60b286b9,0.003545987896967112
ck_a9d2bb4f2bde7052,0.005196743229425601
ck_929bcae878a3ecb3,0.6293942112691063
ck_59a9e000fa275e1f,0.018546416970246393
ck_57f17254e2688637,0.0130282448888506
ck_0508908697f60ce3,0.08177623880143269
ck_946afc2943298d26,0.00787079621863068
ck_7176d12b18f2cc0e,0.016796118551646175
ck_5c47b49c26cce286,0.023411665782999733
ck_b6a2bdb2d335e1d0,0.9886578549190621
ck_1d58f6caaa4d012c,0.009056625012938227
ck_71c917295020ccc7,0.00751404143054378
ck_bc89644ae3688995,0.012428956348016893
ck_e7c212f16d6df272,0.02241504599980636
ck_c6d2e11a368184e6,0.008284897918891377
ck_eed7f1f7548df15b,0.004170496332140672
ck_75b69034000ca7bb,0.016745310812880145
ck_38da3bf629458682,0.011902276092804276
ck_90114c891239d821,0.003027424593686191
ck_8ee08f6777cc155b,0.016589592055488045
ck_bd86132499defcd0,0.011408292161051515
ck_b95fbf2b5640aa82,0.007406142703214024
ck_c530235393360e3b,0.012675199089720748
ck_be52a7ec43241ba4,0.044163127843088755
ck_d96eb3cc55f2772f,0.018370386054574934
ck_dd34f0a844fb115d,0.09870421263715239
ck_17cc7b411f448e66,0.0505781691732014
ck_856ea65fa27d06dd,0.09476259787498192
ck_056d5f0301c30902,0.10845023233009292
ck_e662b14b2bab23a2,0.15261445710760843
ck_209f574c8d92274e,0.027840195342126183
ck_62720b81617896cc,0.013483145787947274
ck_041614694b77e599,0.00623591513791581
ck_461e3f7b97db8d16,0.04090933425235462
ck_1b74b798eebeabdc,0.01362240460559841
ck_0ed2739384f1d644,0.00797058579365359
ck_5a4d19f1b83feeb8,0.006542865423622407
ck_463937167965a1f8,0.012857392204893708
ck_9d7151dbdf100e0e,0.02437714422222796
ck_20a7d1ce6cc27312,0.005335657465497042
ck_6031211ff118cf0f,0.01304680729615216
ck_a6fc92aa91e99b77,0.9579887445615309
ck_0aaaa9d2f75a0518,0.01614553096056123
ck_ec26e327cc1848b2,0.0252345300679572
ck_0e6bebf8ae9b9b03,0.025984527534723342
ck_e107537a4cb738f4,0.005279814200334974
ck_e8ea56e122a5a487,0.0615841361688188
ck_98149ed45d38c4d3,0.04165242330889063
ck_0e719b3a6906b8f1,0.0021265889113139427
ck_0c6e7bd357e4a348,0.01599931521566685
ck_d3b2b250da61db19,0.7518163679218514
ck_8bb6b0a292754576,0.15392420069283339
ck_87d70f5fe48a6128,0.02648466822148618
ck_ea9edf9c107d429f,0.019833268189539826
ck_059806c52cebe4f1,0.23731877090251077
ck_a72d6df666e1c21c,0.021823769959486494
ck_1d2b80ab6c4944b9,0.005993801837368144
ck_60557f077abc42ca,0.2419822990840151
ck_e5f5cb7dd6ce4a37,0.019389359576980156
ck_4c4a939154446053,0.003793054713395061
ck_50ede3eb561a202c,0.009612979999371123
ck_6d03a542922b2ae8,0.009955754227208667
ck_d6fe761ed0db3270,0.025068584798120724
ck_7f0cd6ea3096f985,0.07395330126292425
ck_23edb6d938a3b87b,0.006737924920264082
ck_799aaf9f2b9ef621,0.009895858028710779
ck_f8f6a03613b6dda8,0.01076058979029417
ck_7cffb189f4f514ec,0.9369062963663531
ck_c081e1967dcd811f,0.02191278917976167
ck_583d6ca78c97d91e,0.35505824105965506
ck_9332bbc7125219a7,0.007844781055759191
ck_956b5af6d7d86c65,0.7768900806928886
ck_2d634e3f24681c0f,0.04092364325395301
ck_7b35d218ed0c5a60,0.009466491874183865
ck_ca5b1057f8248f73,0.01627827397502672
ck_ec5ea81cf813597c,0.06324534344654426
ck_eaebaf4d28400fb8,0.014783816673304606
ck_ae2ab6be219219aa,0.005968402019355753
ck_d99a8b4c820eb46b,0.0070871091516663655
ck_bcfb7ffb7cd428bd,0.019563096248636943
ck_3dd542c2d31be2c0,0.016103390564023698
ck_c7dd84401e29a7fc,0.0053618736236026475
ck_c4bcc7cefd40f8e2,0.0033738413466846435
ck_c251898b5d51e3b0,0.002710406038839244
ck_36d37be780c1291c,0.00824147002577504
ck_99b4f266b61ae7ee,0.014626077436430967
ck_c37f03995f0f0169,0.0025578536593876843
ck_65a23ac8e44eb901,0.028559717786096245
ck_644b1c1149eea9e0,0.04455696673387885
ck_9cf44eb0237c2429,0.005675740108753741
ck_20541686a94fb71c,0.0400791418340789
ck_c18245be844680f3,0.008201573959827041
ck_56de216eda6b7fa6,0.003836615040669223
ck_406c4442dee45cd1,0.0024963389407124444
ck_df1585c7d72a96e0,0.004067891524360893
ck_b8e8dba20676d87b,0.012428136583129107
ck_0ee6965e68efc177,0.010712213500639245
ck_c2a5c54ad8d0d297,0.011864261650616199
ck_bf6fb7e6470e95cb,0.002635935384109628
ck_27fa694569140345,0.002307434135857082
ck_e04166b0ce66393a,0.01094257427003874
ck_8742114f4f0cb22c,0.03993934299044927
ck_6eceeafd56b42576,0.4029818404340508
ck_34f9951b0eca1965,0.012562398500877507
ck_384ccecd342a24ad,0.005571206816237816
ck_49c98bebd1338879,0.002808641077212417
ck_6c26c12071c91ff6,0.02168852798620197
ck_01e5986ebb9a78f1,0.023532459931637512
ck_121db7ba3be29ee8,0.05890091613667012
ck_039e6d5a330cea1a,0.11826673312935394
ck_ae8c9163cf957d7e,0.015295296653631165
ck_3f5e8f3f1df0c8c7,0.10332699954653503
ck_b1c51fdafcd80122,0.03279409487265104
ck_12e2b5ebfe8986b2,0.005340048455297976
ck_d55eb81a4d543c59,0.014266344173851647
ck_f85155ca5c312c7b,0.013871487751737301
ck_133d8a1ac7c0e301,0.9545267950045444
ck_04212a9bb9b28696,0.9885960386295255
ck_4cc11c7d3ca61f73,0.003294922558040947
ck_2df4854186ec515b,0.015535719950117115
ck_aa9b28e7fc43af79,0.6220768665046292
ck_47cad6c3def4c9e4,0.005043165098594766
ck_fbff7b5da8111567,0.006948947292481559
ck_bd25ea782e375b22,0.02666835000891551
ck_7989376f8cf64a9d,0.00835459370091913
ck_675c0ca1ebb1051c,0.005294144493755255
ck_1436f6e11d4008f9,0.017343202448632192
ck_812cb3a4482cc618,0.018090147960473923
ck_6e606f73a1094afd,0.00780787195453085
ck_1b708e2a4a0584dd,0.024687213600925906
ck_a60d6b324bae0330,0.014539982883853948
ck_706a4f673a9fda3b,0.4853016817500098
ck_a75ece9a9044eed0,0.005222932837242415
ck_9aa45c4e03c8c57a,0.014605992159503941
ck_9fe9bdce982b312c,0.023907436625681653
ck_c6fbdc5ba68a8466,0.017621275744686558
ck_ed0cc1b1c28f9511,0.021785431578894305
ck_a4e2607b4c8021e8,0.0023465500434629743
ck_e02f93f51cc8caf3,0.005806489305669416
ck_7084ed3cf20781b7,0.03483176126823599
ck_cd4c63155570d6ea,0.008266292444609195
ck_d1b9e5d32d2d789f,0.01068525902821354
ck_68f56f6560a7a933,0.008914957400391492
ck_8bedacc6233c6269,0.020513836437907114
ck_ab7cb50407d6b13e,0.028413405663325866
ck_f17ed7e0fd687742,0.07034608216439751
ck_b0fe4b92fc70f72c,0.004287948241351074
ck_84d62b8196da2452,0.009812329751287563
ck_9e298cae167f4693,0.006957512570583917
ck_405b20ef9ad0ba5f,0.09038770161944076
ck_813e02e1ababd177,0.0188036841923904
ck_f234ab47061ba7c0,0.002681649308152114
ck_22b587c18363899a,0.016482054359677593
ck_4e862c2f48c38aeb,0.0036200403371762515
ck_b89cb90a420c9075,0.005478127254070324
ck_be2251640f27a3c9,0.15491772867156708
ck_46bec0bff167ed3f,0.02801972684645017
ck_c0032232c2868328,0.006289757879236389
ck_030cf09525dba4ba,0.0034195354047962204
ck_6ecf56236789fc09,0.8142853613227277
ck_38d4ed52cbe6d123,0.026598417850991485
ck_2d923d957ffd4d53,0.0067491870889114436
ck_3af1eb88728ed8c7,0.008017452781193302
ck_2f8120ca80a1592c,0.016780197439240644
ck_6cabb1a133f0b151,0.011102231957521004
ck_bb6cf7e7b707731d,0.8615985161896419
ck_c8307fecafa90140,0.026083137085599183
ck_75f968be67f46d24,0.039520641530584814
ck_df6fe4ec5a233213,0.012161735769335743
ck_b53e88c0e927d896,0.0027797177391774906
ck_f0093064aa28f4d0,0.019204338421078
ck_ec9976cabc63ff92,0.0021199131410543064
ck_30dac0a58c5590cb,0.10900186423825821
ck_348a525791ae6475,0.0652142760616414
ck_b898d912d1181ef9,0.016652242652210547
ck_f5b1200dc6f95760,0.010806878014268424
ck_54978a073e7a0b1a,0.004984346213355944
ck_55933936536a4071,0.0186940092326139
ck_d6ba7ffd2ae08863,0.010432267455341052
ck_404e2217fd87fdd2,0.0030644391559365245
ck_dfaafdaefa5716b6,0.0480343447391591
ck_556c62e92d4e7e5b,0.13356894191982083
ck_7ce44f4e06d58111,0.26719526275188155
ck_465cb8ce232c7670,0.008364299013499612
ck_237508ca4fb37268,0.08562448959164494
ck_ba4a6b9aa63964ef,0.027833890175509846
ck_4802a0a7a1882c88,0.19920847971842645
ck_9478dfe4114c30f6,0.004957062722805397
ck_5138f6c575dec64c,0.01053528337730432
ck_aebb42afe430e2e9,0.00686480802645453
ck_004efa95555437e9,0.0077195015689990945
ck_11af112667c98394,0.011093473050063836
ck_44e9a18a8645c9d3,0.003587229510562144
ck_2605fd571219e28d,0.0018389475777175126
ck_dfc933493561d84f,0.007610716111052209
ck_67674348e68d1f25,0.009115785942071407
ck_dd97429277a2fa00,0.07209585877939727
ck_d3eab7a06eb48348,0.03834621948421361
ck_0b9fcff9667ec05a,0.010996027154801505
ck_fc4bfd6e739bddea,0.01981858980941962
ck_43292f70a03ddf2b,0.0152104149198593
ck_5ff6108056a3fef5,0.011064223286230431
ck_767e0be086b5f601,0.07094114375995163
ck_b8465b1a5666155b,0.02358822922403485
ck_ab2e3fc56f5b3aae,0.006564123208555687
ck_1833c81d693c1e07,0.7950240538399719
ck_0308e0602b856445,0.0048794467261965395
ck_ccbdfe744acff8bb,0.013158217514855047
ck_b294aa27a0b586d7,0.004094786108414568
ck_a3747201f377626d,0.9240007768935995
ck_edde1d7d1db24725,0.03495345862982748
ck_ae3b47d6e1063704,0.013018252991671128
ck_3aabf5e0f4defb41,0.007326030851811074
ck_f034adb57391f3d7,0.033302795840894094
ck_533672fb40531607,0.15950443358814478
ck_2a244f1ae08ef83c,0.01656535171801022
ck_a35d81bcc54ece2f,0.11717476958432005
ck_78a61215675b38f0,0.00966320178547673
ck_e013d88ea7939616,0.014035391824960337
ck_e5018f9418e0102e,0.02226644114326104
ck_d4e024fcda401a31,0.005880705993574975
ck_f736cffbdb82db34,0.0017564510045332468
ck_1507f5aa50cdf3a0,0.011436375684376623
ck_18270fee7c8fcee8,0.005190651941067361
ck_95ffa1a805a1c9d1,0.0036226755831205606
ck_11132d245b94d045,0.0035967817487476653
ck_7b93a622e40d8b14,0.021536060303910764
ck_3854c08d17704347,0.07364416478664121
ck_7717fcb100dc4b5f,0.009809203583664015
ck_ba54e0a1c328119b,0.7345286738084108
ck_a7afdac4ecbf2de4,0.3414310771494426
ck_ecfb771ed2352085,0.015157308703216308
ck_68be4fefc85a6b64,0.48274175984134243
ck_dac7c50bd6d0148f,0.056186432341773763
ck_87cf36a03bd63c24,0.07969056951773157
ck_8adb40b168b59d7c,0.03860551957887224
ck_8d2f62930777416b,0.05318975857216149
ck_9958b58da9e3c21c,0.039666633736841574
ck_9440335375701f44,0.010314632439106257
ck_e2f88e202b6f700a,0.021474982072797726
ck_4c7c50684827a2cf,0.00749638931497264
ck_8a6ea4a79b1c7a8e,0.005495535485874114
ck_186dbff4b24a3bbf,0.189626920116689
ck_220fda3c11c59b6c,0.08522048563017941
ck_3acccc69f8b1fd14,0.0324896426859369
ck_9de191bf79afd676,0.013713422063892304
ck_6de6b1663f9457f4,0.0023095414321295514
ck_062754f8b79b86e5,0.002537743942572249
ck_aa153a89a52f7eb5,0.016592950435242605
ck_34a6bd3be642f15c,0.023268824721103917
ck_9371c700d9830326,0.027498591925326166
ck_a99e0c258ad7576b,0.006249129675856858
ck_0a7ba51d626e932a,0.015852845453050723
ck_852c50bbba1ead13,0.06783806779436037
ck_43dc13b6b6d31297,0.06265173101063343
ck_7d81b59d615a6649,0.032562390127668046
ck_39a3f1da060e88bf,0.01573784541347629
ck_6fb2d142c09ed3ed,0.022726222569537765
ck_6e5752b87324b58c,0.015962493806686955
ck_9441d48a12e8a4bf,0.03508855992662629
ck_09e9c51eb538b255,0.10175151776371694
ck_8d0cd981ed3a183a,0.036884760691730877
ck_57c07c45269ca8c0,0.011420450721837847
ck_ccfc9ab888ba933d,0.2971096159442689
ck_9658a6ef471053f0,0.009459822827020804
ck_dac3852758f4ea89,0.004951214177612659
ck_b1ed2278f5f14d82,0.01642148000709077
ck_333544d173524f70,0.034057372633480375
ck_fd4582e3853ef23f,0.013408100045362787
ck_614d936cef98db04,0.0035408494632432536
ck_6bc351a3d57aac54,0.03386488811525251
ck_af5842fa7202ff25,0.012795078231088906
ck_81307759252571be,0.004842310418862039
ck_b4d2f02d2cd45720,0.16250300499175593
ck_1bd753a4681946c8,0.9718523377676553
ck_46d8c029d46867b2,0.016574034842306858
ck_b7da6640fa2f49cf,0.22313426278619994
ck_9ea3d5a5a91fef9f,0.12725630318074563
ck_7b922518f667f76a,0.0016642966310034012
ck_2a5b31594206eb30,0.6009882780311165
ck_d9506476ad3f9e08,0.016755235955569252
ck_c8791f7ebd4d93c7,0.040902130734782036
ck_b5a3e20fd210017d,0.020068581132946888
ck_8e54386f4fe22cad,0.010354815040674514
ck_75296704f5806f56,0.037179501566735114
ck_0fbbc7a6af300368,0.004660819439763652
ck_d19bf4dc0627113d,0.0043765260771209515
ck_7951bd4eb99a0175,0.0043010187716774895
ck_059e4fac6b7f704e,0.009924621106879673
ck_2ce8931af02a2ce3,0.008688297055130538
ck_9e665618a4860306,0.0030842453925671517
ck_6fce5a893613fd2c,0.0023081753659902164
ck_9e3fbd04e3532f32,0.2755989743801443
ck_55f2ef0de3420e3e,0.04189991072653839
ck_8d87658a6f5d204c,0.5209758938868554
ck_6d6ac1f5dd882aa5,0.003007238538353883
ck_55d0c7012d7ef236,0.03131512356799953
ck_7738eb085e5753d6,0.004421721211404932
ck_0e6e05c3cc8c8242,0.016987271821268194
ck_8d27ff8383d48132,0.008499296373551275
ck_9afc3bb849f3a64d,0.013666044522668001
ck_27eb86a9898cdfe3,0.012314580356379494
ck_1d40e4fc541abe93,0.17145310482338974
ck_4fd9dc00e1913587,0.9670944658956349
ck_b26cdb2b7b165d2e,0.02121276870684172
ck_a79a27767a02e31f,0.026775037022927717
ck_f0c18cb9f951a71e,0.01687012211914715
ck_50460e0189de6274,0.9510920549854047
ck_5e5280539257c986,0.005928647168789029
ck_eeb854318b3a6f0a,0.009861638722832146
ck_943f66f28dd24750,0.002775298851484576
ck_984dd7452aee372d,0.025160592775279617
ck_ecaa6de0aca5e9a0,0.030731815684031022
ck_8f1cbc432e2774f8,0.04466449008753351
ck_d91d9f8445b9769a,0.38156825638639086
ck_73c18e03e3c7612e,0.003122267361520223
ck_aded05ada490da20,0.009453930723665143
ck_f744e208183971f8,0.010191335842188608
ck_02d4cef6358ad3b7,0.008757076021982948
ck_08ff5bd467226a5f,0.0023549719585564785
ck_f824b326d5089885,0.3491226802025163
ck_3420f2fd520890f3,0.019577191429889583
ck_1838cf8d00f5b1e1,0.009469720120505487
ck_a85182ad90b6f1e1,0.0027709801270871855
ck_fecb39c82c43e76d,0.010665393901825587
ck_162513e73782929f,0.0388331811113358
ck_2c27b77c59d8f23b,0.11783365294517519
ck_4221e07b17388fd3,0.024742730471717992
ck_adfb8472d5c3d669,0.021066546831996227
ck_0742fe64055d686f,0.0028518248643844024
ck_5060aefcc8b6f958,0.0329799643166355
ck_643f549b4ac78a26,0.3709028525319054
ck_dba767885bd6ad69,0.011200085617075264
ck_0dda35c0c64c7073,0.970856050804959
ck_38ea56d43afa5660,0.01765327645225662
ck_d813e15ac91f487c,0.24814571937254404
ck_4c840e5585a7b167,0.4352396180419838
ck_cb8551453a7bb929,0.011405331296536201
ck_05a00b1dd5a03359,0.006815128236859613
ck_837cc7fd48453a01,0.007741877923588446
ck_49dd816b31fba6b6,0.8245236721585476
ck_86a61d9a39768e87,0.01975654359754619
ck_cd0e76f0e7bb38cc,0.03992113257862842
ck_dbe58392635133ca,0.05295543730205839
ck_3caec7dd6f8d02c9,0.02154243369801633
ck_bfd9bfc5b6ab4a54,0.2671282207934943
ck_2103399bdb2898a6,0.007346495195772369
ck_329f7de7279e74c5,0.005393461235626407
ck_9bf0d28119fc42c8,0.024907029406977574
ck_f781539b1042dc83,0.0029936566978302644
ck_9986c7d781ac6b4e,0.006868472812183654
ck_a627734880aca848,0.001983471974800827
ck_2106e509d77fdb4a,0.48880493113626716
ck_420d1a9c604293ce,0.012791969234321078
ck_fce0610c527e2b56,0.03531407256039882
ck_073da541ec3f9d3d,0.010699794565771123
ck_aa5f3ab48c17fed8,0.08655833495880244
ck_0fc1086e1c9e04b6,0.014119443141567711
ck_5c33bb46c1a5945b,0.04293537616071474
ck_500948a8d4bd8e13,0.018209483594397512
ck_19becd44f2c3d2b5,0.04604258724815869
ck_7d0fe77dd5ddb656,0.02246464562456271
ck_f158d9e5f101bb35,0.016563615151086772
ck_cdd7c77823c2257f,0.05489475382972333
ck_6c7b41374f9b2e55,0.013394414750846207
ck_417090dbffb1a63c,0.03155440103964222
ck_dd0e17605f970319,0.009907045902433867
ck_3646515079e6be55,0.010068926822184101
ck_89c8b06aa8c84b2d,0.10069419860310948
ck_e4d6dedd97233c07,0.02095513561168247
ck_bc82fb1895fddde5,0.004459145863755347
ck_88a8b1d442ca3686,0.03278781971918552
ck_5791f8f76a629a4f,0.10663098332522665
ck_9cf5e88e97c8c7ea,0.009910639040875689
ck_58fd684aa5a6f289,0.0021474778449546788
ck_9800c21dfbd8e811,0.022215500178382214
ck_8ae64df60ab6ccda,0.0369280299389029
ck_e535fb0f0c00418d,0.048007541437278034
ck_48011996d54855ac,0.38774652196632525
ck_ac79c72a8fe3fdef,0.07372142044218813
ck_b8cc2df5192bc49b,0.026789072018698974
ck_e96a5e1f08f8a867,0.029081051696197985
ck_84df6770549e43fa,0.003843167029821131
ck_e5f7b99ba6ec5767,0.037027399042594646
ck_8347455ab53ff620,0.007284679128627683
ck_a84f2cdf695a71d6,0.005721831262660654
ck_90456160115f9ef4,0.019615705500258263
ck_ebd178b3f3a9c50c,0.01247404430874658
ck_e1140be6157bacbe,0.003451177870948504
ck_744ffc11d32b96bc,0.036371144229346404
ck_e12a9f7d027e3387,0.005866477844652292
ck_cbe525da0b69f18a,0.028759546582221625
ck_aa59702537557ff1,0.04864606599827148
ck_0348cc6908f7f3af,0.0030113339396738276
ck_120e995d50956bee,0.0303771896628043
ck_9fcde1ff46cbbea5,0.07034879881366925
ck_54b0b070689c50d6,0.0027442027416400548
ck_966a167758fddfd4,0.023685079101854634
ck_d5194f2e92fd6427,0.02151462243928656
ck_2ee84f3fa27f2cb8,0.004561242032956763
ck_57d0a7eb7eae2eaf,0.03007548892570554
ck_6a2c4edd82e10969,0.002498239224422242
ck_96e4d38ef670eaff,0.01407068184332251
ck_52cc2fd5095b169d,0.006699631022210983
ck_4b088920f3a844c1,0.024258803270602574
ck_8f3ccbd20d59f1f4,0.00877272563376686
ck_e5e5dc431bed6f9d,0.006656551938191283
ck_e8b5bfa6838e28d1,0.042356960429422434
ck_4bfeb78b47b7c6a1,0.07509216197098702
ck_a705c61bd679496f,0.008830635883672189
ck_731869a0c39cb2fe,0.018158972499810428
ck_259eb102342057ea,0.01988635947286539
ck_47a6005fabc33551,0.047316204412120054
ck_682262b455a9edd4,0.002118017692800604
ck_e839d104854945f0,0.01190768218588551
ck_761989aa4c47d746,0.034631866856323044
ck_44211dc210139ed3,0.009279230822376925
ck_9915ceedf63a5289,0.15813157517448886
ck_da59ab47cb6284ad,0.00366290688643861
ck_e5cdbfcca2456652,0.004414346833009615
ck_13f2560c6a1ec62f,0.029164686795696046
ck_a0543e9b3abe1001,0.8403589300510167
ck_11c7a58e09e6547b,0.03341570885779741
ck_69587a134d43a4ad,0.08853404331049852
ck_28dc0de0ae291f37,0.014603907274082764
ck_298922703c5bbe05,0.09697498384083238
ck_fa5ba9ed9ed6a343,0.12799239410351837
ck_c08e64d424e56c05,0.025807615615212814
ck_598e036a28262aeb,0.05671477245547621
ck_3f7c870510083a51,0.009748192106208064
ck_364f8203a3e98d36,0.8618738421976158
ck_7333cedb61506ead,0.011782472733291393
ck_1d96d7fd65f208b2,0.022167658842390987
ck_63133a79f23e2627,0.07826030450667697
ck_901d820e0b72abae,0.0031456862413104694
ck_5dd80b3c01457bd8,0.02256152097506008
ck_c0b8067c144ed6c1,0.022377393524339304
ck_cebb8aa8c8f62c60,0.0065132010107469525
ck_79749eca42ff1f5f,0.02914144664177804
ck_2cc1d9b587f6da31,0.20524110669086082
ck_ccc7916b56d42195,0.009775876211142209
ck_e43e53cc7b8b8e41,0.03887366051725312
ck_4ab74a6e7450416c,0.007371831311389087
ck_6e44024e9de301c6,0.0020881913108447172
ck_dd78cb6ae2866cc6,0.02142510670881105
ck_c363d3b050baf3b8,0.08517546773919882
ck_2d46291975f0dd08,0.011960024321972034
ck_76ebeb5aee42f041,0.026618556270421825
ck_8395f004cf4d4c08,0.0029536575346080242
ck_de7259c3741db179,0.018062022521937244
ck_3938e92585df2b34,0.022924489124418634
ck_af69bfcf4f07d932,0.013351127836611297
ck_1723900ab9afe374,0.14131677578670057
ck_3d58628d1c853c8a,0.029714618442114992
ck_12a074db100481cf,0.0709042382665922
ck_8716cbf892c50e29,0.02447787225515194
ck_fbf7351958ad9615,0.01370851905594679
ck_a50370907e6b397c,0.10089519917735686
ck_937402a60df0821c,0.009005616700726981
ck_8ce9c5807acbef48,0.006459056936951022
ck_acf7d65eaaa4c31c,0.009482964619426652
ck_ec3eb6dd0967cac5,0.03486215913349658
ck_fc832b0c90c9bdb9,0.9281914154429142
ck_8129e81cde280131,0.00839893576758653
ck_52c0ef68aa2fb8cf,0.009296003719612528
ck_06f042e9b1b662fd,0.028065066688765725
ck_0bf35dcf7b38f650,0.0033111142446253616
ck_615763afc2e17a7f,0.003006628779322425
ck_e72db9d4b2fc9997,0.9858852967669303
ck_13757bf0eeb353e2,0.004627950069413357
ck_abaf371ec8249c4a,0.1357578312410246
ck_9b7167da0920c37b,0.06674196805387689
ck_2e824b0b27494a17,0.06858476259422279
ck_9a0b605e9c3220c4,0.012312394932581011
ck_a5276af466b681de,0.004836968848818568
ck_9e0383e1fb6e214d,0.10224146796556356
ck_6a27c44b691dbfac,0.003557441777441283
ck_af39767cf583905b,0.01736454889346961
ck_243b1b9fdd3f9a74,0.003022300497954881
ck_c0422e638a9c6046,0.01747647505841138
ck_e0f3ea3373dfc4aa,0.023173680330992003
ck_d56ee1654378ffc7,0.03486014811082904
ck_20cd2f5666719baa,0.0021183333437480617
ck_4dfa1c1e9b69fcc8,0.00825957984336419
ck_5d22e9ca1d15180b,0.3635723957316613
ck_f4a7ac178fd55f0e,0.0065986799624666095
ck_fd5609bd23a1eaf8,0.0050598308311573924
ck_49c3bf13dc9471ce,0.03024787491930833
ck_724085c3452d4693,0.2576576263920094
ck_e5d1462846154a75,0.06665490164394662
ck_c69ef0f3e7d6acf9,0.05236275640849444
ck_a2d0417791d4132d,0.010807284004946113
ck_00a07fc2a9183c3a,0.0032541845659174746
ck_781b8288e54ba8f8,0.06946236460298161
ck_d74a62ab3804a81b,0.004205721890183634
ck_abcbde211b6267f8,0.07245404958669222
ck_16dbafc035574654,0.0069561775664127344
ck_018f780215ecaf38,0.009238223473120172
ck_0b259620eac51618,0.005400978823070095
ck_4f875342394c110f,0.02766113931445406
ck_399e45e5fe9beaee,0.006711307807836006
ck_36224a2d394ebfe4,0.0814183756423958
ck_c189b551bd111332,0.0035628698974580647
ck_125c5a720ecb177a,0.05810411865569309
ck_76d010aa02eb477a,0.0030005064468940582
ck_1071d14c46c92379,0.46007827309866567
ck_61d244b2cde483af,0.010435093172907315
ck_2ff1860da2004c84,0.004216619646852161
ck_c5b583490198672d,0.0065289910031922915
ck_1294f7af22fade11,0.20162224933867579
ck_e3a22799716df39d,0.006105050750201085
ck_c77e22834ef97005,0.5296843056640794
ck_73d3689728270a2b,0.003008385989041592
ck_295565fbf77ef885,0.005148990490219278
ck_80c0a7f54ff4895d,0.004427731204757169
ck_f1ef5cf7f10b16c8,0.012175177463253103
ck_a958b2461ffc21a2,0.20017990683221842
ck_0e7899a57cd617d6,0.005188591363834029
ck_9d4fed252718f58a,0.02006449378073122
ck_83c2c34add971d76,0.004644020570350556
ck_9ccc030ba2de9fb2,0.03077319792152326
ck_cd691e3466fb3742,0.00625408471650954
ck_49df70f908dfd069,0.0606442594006936
ck_362ce13eec1e33a0,0.0042863174059936055
ck_2452a30397dfc54c,0.014545893529470702
ck_a443d49c2b4863b0,0.010945142372106295
ck_c8b2e2cb349dd0ff,0.007345204117128197
ck_354909fecf5da8cf,0.010903618005982258
ck_841f598bbd54c83f,0.02321942939774532
ck_cd6fbd4e8724f994,0.01434966171526203
ck_e0b3158111370118,0.011856258310184865
ck_4c2f2eb657c2c60e,0.00451836640079023
ck_ef346071f0b7654b,0.013235852386648891
ck_f3bc10e3decefce4,0.004268063316075194
ck_189b6fbe9b9192e7,0.013532219162962149
ck_5245cbc5ff4d4fa6,0.02143870637788924
ck_cb42e3be6fe87f60,0.00783480962166554
ck_966d4d713cbc7792,0.0028269227630014922
ck_1c8c969667cbaab2,0.7911191474400585
ck_d35e3aa9ef5d405e,0.14229630079908498
ck_a1c39df50a5873b3,0.019896798998285215
ck_a152165caf295b51,0.00841631462605842
ck_891eaedae139828e,0.006035908968497645
ck_1a46b56f4734d52e,0.02297500931981325
ck_5e36042cfad96c99,0.22727173817816707
ck_02a8582c2603e675,0.011949499222717036
ck_6def9d0429e4ed4b,0.015249603610087216
ck_e137400825a1e3e6,0.00889075754861455
ck_d91ab840848a54fc,0.00357579545637042
ck_becb6e1c608e0078,0.006184702035283191
ck_6fd8c86ac719d7eb,0.11135118007467816
ck_3ed4d13f12fd9d0e,0.10665290307629105
ck_007337aa99a4891e,0.004061502327816077
ck_60c3d8306527a08d,0.004307801479879588
ck_95458880a54df0b1,0.08098221554597493
ck_b48cd8593533fc1d,0.845928415221152
ck_021c6a4a7e3f1f0e,0.0016376249782686693
ck_764d40f865e710af,0.0065959788772742695
ck_4b84357ae8ec7777,0.005559890724239634
ck_3397c7856b4669a5,0.0022752743199041096
ck_920bb003b42e6310,0.0041889208862847605
ck_8f59f11b512d5b7c,0.10321976429675937
ck_a3acf4b986afa98b,0.16859496646291214
ck_e89d25ed7bdeeaea,0.007546856255862507
ck_70e6bca473bf6902,0.006643815210965677
ck_186161ce152836f5,0.007007183346433056
ck_9191579254663f5d,0.008894953926358327
ck_1e6628879e9d653c,0.005066552571468469
ck_b498fa91a0776ff6,0.011750992483860634
ck_cfc2384f22954830,0.20228173097107094
ck_17673a1c2867888a,0.008271626463726029
ck_523dce06515b072d,0.010684545155029817
ck_c20638a325ead2e4,0.0034467787731843895
ck_d3877e1f907cc148,0.11818109239433079
ck_e9a2495dea8675e2,0.012892917476598308
ck_7e561caa5fa1f3f1,0.027420860596543837
ck_455672e652fe1abc,0.8314667994934807
ck_7f8f864fcc90ca82,0.029411624340564175
ck_1ad36046aaeb816c,0.005543077856083105
ck_de056e37c82e8e00,0.031198783921225562
ck_7484c214c889fe7f,0.03697779567675427
ck_32430e678c4f9f53,0.00518303764082421
ck_6276ece8f80ea799,0.04587393702528922
ck_ae8e5dc4b725bc25,0.03281980258976062
ck_f01be92dc78a2dc7,0.01780815193429552
ck_233397a8bd40d38d,0.006999491742574302
ck_f8124911450fdf31,0.7558940915922685
ck_aa0a3179f1111674,0.006424743670343809
ck_2366b29ed9887a5e,0.005232080314138875
ck_1f22f04dfc08cf27,0.00748227203596256
ck_b62276c3426d680c,0.009022176907045782
ck_d099fca88691f66f,0.04057450890829444
ck_166bd1dcbaf4d6fa,0.0026243221078185663
ck_7b1660e942436e12,0.027897554744069755
ck_4a9a791a1d409a3d,0.044428274663181895
ck_b003e5b54df65db4,0.013898929750200626
ck_64b4dcbf436f0b75,0.010881436016549825
ck_26e9a7bb2061a58e,0.024853706568653034
ck_08b77ad5f8f73007,0.012639466772582689
ck_366616a725afc6bd,0.02366768138448078
ck_934fb5064b6eefe2,0.0036858497716940274
ck_c6abd5d57b1009d2,0.003174431112348894
ck_edcfa9e1cf29d813,0.03209917405001759
ck_c30201ebd003fdc7,0.0067534541557911455
ck_c54643d94d3ce355,0.020282644271944383
ck_02adda6e91e49650,0.02370838319656932
ck_5b73d7c5255e58a3,0.22400271998340637
ck_129ffae92dc01408,0.0022769402924537594
ck_fa321945ebedb916,0.04282825148401178
ck_8da980cb2e1e2bfb,0.08660918811769698
ck_0576b00d728bdf19,0.03339226069099068
ck_c543d82e22b3c8a5,0.005427947989817314
ck_0027ba644f9ae2cd,0.20175821547354036
ck_8dbf61df902a6bbc,0.0020298933568025108
ck_90eeca1cda79fd41,0.0064625836570345605
ck_86d7127391d4e01f,0.0036276092214023244
ck_73762038c7ff2f6f,0.011916161338855655
ck_a1484e6215fac651,0.5750455136269128
ck_cb83b9f806e90dc6,0.15887785414375422
ck_8c6f059c95872126,0.004174071459213104
ck_3174419a81e7caf2,0.028900814885203716
ck_6a0f8f8fa4a3c2bc,0.010753665946300695
ck_b5777605668bfca1,0.006130877932795986
ck_27e4de495abb4d15,0.0025349086336845903
ck_7f6fa79c7a107161,0.015147916775650971
ck_c36ed9f8e6792ea4,0.020983102197502403
ck_67a1aa88d2ea554a,0.03411641173242808
ck_09748dfe4df3d540,0.008189264012228277
ck_27fd85b1e38b675a,0.0038742885387971332
ck_2369689bd795ee10,0.0061600498743696495
ck_4eb1c12f7d092bac,0.007051466231643102
ck_01fbafc42c8e33f5,0.016355474749280646
ck_93c4e05699b3b7d0,0.008546172800098109
ck_afc484d1b6907983,0.006323958343940579
ck_1b2d9cae92a1aab1,0.06049875252389456
ck_73b729cb161487f2,0.0077275598584747975
ck_fe3c1d0ac090d960,0.023635627874009357
ck_408efac1d3885ff8,0.0391331004858266
ck_ccb4dd9d0a48a76e,0.004520779892000173
ck_2987eab34ca7805d,0.02051148842901865
ck_1dbf1f15193197db,0.04473049712521974
ck_4ed711fe4053e74d,0.024833077530073844
ck_6c54adce174f45f4,0.00787269360704018
ck_a6c740041faf0bd5,0.005700269281990741
ck_b05c4d33c4f43639,0.04073003594822163
ck_032880f1114dd51c,0.03583641908073352
ck_22311b037456a76e,0.002689012720018691
ck_5866b413549765bf,0.005802899171879466
ck_0e808afe2570ecac,0.011710233760062987
ck_634276b05f4381f8,0.006438540008879628
ck_5d8773badd0d4740,0.019159516913695523
ck_82b5b79ce3517102,0.8790337338515387
ck_b378b8d8100ee4b1,0.010055019218771015
ck_54e581f71be5430d,0.0022328317769316148
ck_798ba4b8aa544fea,0.004179354251705797
ck_3fe86b6331ff95e3,0.10654472981185432
ck_81275d9d4c559e6f,0.005165886376347406
ck_99a4e5ef02d89493,0.019583493849737846
ck_54e2eb018d947790,0.012050415757528384
ck_966901ea9c77cc02,0.008700304325334267
ck_27d69ff4e0cb428c,0.0800153929235638
ck_2cee2dd7bbfc09a0,0.8168799990040778
ck_4136b00924695ab4,0.0012708151063885419
ck_59a164c40c03a45f,0.005029407715791687
ck_3e24b026bc66789b,0.001806575653873792
ck_8105bcf69a75ee47,0.0024520288133880624
ck_7a1782cefe26a456,0.045700603545557016
ck_970c7dc195161272,0.010908306260500676
ck_a48ec0c00ae20e82,0.0521792494759547
ck_54b374ade34e1dc1,0.005501630595863736
ck_74e5dec189761d14,0.002873406488813468
ck_4717f24f2c6f40e1,0.025442649446710364
ck_fc8cd8a8209e802d,0.009060243346839443
ck_71db4131d7efe218,0.006830325787685024
ck_45424ea6f0bc4650,0.20014245981313392
ck_3716c6181a5035bc,0.02119844527230164
ck_26de14b96bdad4f6,0.0051156156624382445
ck_99c0a41ac9c73857,0.007833822082203453
ck_645f15bbbcff3b4f,0.9832192456927743
ck_b7e25ddd41514d4c,0.009377477984999329
ck_d5c14e877ca7b755,0.006799135559721658
ck_05ea4440dac6cfad,0.03381720455795625
ck_c58bafff7b1955cc,0.01615262927157965
ck_f0cf85b67a9b840f,0.015667127808746833
ck_ce1500a7f0d03fba,0.0029260267478746355
ck_d4972a775aadbbc8,0.010375642152176992
ck_3eb6146c262e0fc3,0.0028115328465066446
ck_afb23858a4ef42ed,0.9567907867633673
ck_2c1def5c91c52a5b,0.18140994800536517
ck_72e550559487b919,0.006256366521938189
ck_0284dc2b4f856b3a,0.3216870860121794
ck_03be334935e999a2,0.007121422177092986
ck_e35a4b4a3cb4cedf,0.00941702748406154
ck_5abe57dfff4b735c,0.014873973702907982
ck_f5f87f772388efa0,0.008601257569513321
ck_5a22cb36d612236e,0.003991857830680158
ck_8ff1e6028e764472,0.775039646981874
ck_2ab28149b0986642,0.017588147537519142
ck_c88fc1bac79fa6d3,0.0813777550283114
ck_5b137d74bba6b1b4,0.0017294235608028596
ck_11f362dca2dfaf5a,0.017012793748420633
ck_7f960541e5174565,0.003991024635630627
ck_d5458ba39ae94498,0.021001212990636647
ck_0a921a73a90c2e39,0.03820081143494858
ck_6ad56ef40086dbe4,0.006496224279962812
ck_b68199ecccf2350c,0.0019053156461911645
ck_6dac66c8198c07d8,0.011579029261155801
ck_9b9ce7bebc235fe8,0.020227082167676293
ck_6b817117d87063a8,0.014491365228857479
ck_900d62b3184378c7,0.005094095966458892
ck_eafe9b89857149b5,0.008325481237525178
ck_e74716a525ee5b24,0.002722310924146171
ck_4e9a6f06ab134102,0.017399099084982637
ck_b0d33b5a3716661d,0.028884584256228762
ck_8703543bf3134306,0.006847162040739281
ck_923d6a0f83accef1,0.016844351512021277
ck_52e37e2170532e2a,0.44080864032635936
ck_c1c5ea839c58958a,0.016329767770074183
ck_660f0006780e87e7,0.01125424345927265
ck_830b2c5d1818ac07,0.05686870817831876
ck_b080ff636932d1f1,0.0017429718299935724
ck_38730aace405f2ae,0.9828870131657217
ck_9790138467a06223,0.0025642313933049326
ck_10de0b0d86b17839,0.0036795603359912423
ck_c3e37a4d3382c32e,0.0037999289133538515
ck_dd8edfefa1eba531,0.0038431545002825325
ck_8153cdadd300d234,0.0033685245984697632
ck_74d0e7c2c6b63d36,0.9494001946860289
ck_c478aae3031bb328,0.006067648898695037
ck_cf301f2194975866,0.005621507536499065
ck_f4de03f44e3a5bd5,0.03147081250443095
ck_b06ce826e593b210,0.04170937953329185
ck_2fc70b6baf6a0e26,0.006434359098139238
ck_d208494cf5c90047,0.09538249562054242
ck_086d29ccae565e5d,0.004730970684739753
ck_d5ef6dc116dee408,0.01352716088324799
ck_fdf0c5b722d83464,0.009065123626873799
ck_de8494b13adeffb5,0.005696297756511661
ck_556786868599143b,0.02451108743286952
ck_4940e78cbdcfecf3,0.01832500710839649
ck_d32fbbfe32c00416,0.022695614830665966
ck_bc7710f7e9fae649,0.0053248629976359275
ck_416f7ac57da081a3,0.011302216139690494
ck_6fb39b60c67d5475,0.004418217207264335
ck_e40a156511345d6a,0.003101349055874329
ck_49ab879b5aa7fccd,0.18095903175812558
ck_bb643194d1cbc47c,0.9783888003506468
ck_b3ce8f1bcedfa043,0.01653835954954604
ck_558ebde8c29132a4,0.017350418206729338
ck_e6222925762273b8,0.039648722027994326
ck_bd80546b4807dd59,0.02362306257414776
ck_bd21164bd2bbb635,0.019298575586372834
ck_ea835557d7043667,0.008126134974001147
ck_1411a80a157ff39c,0.014536530742477296
ck_ab973888c20c9120,0.11125300781479608
ck_95b48972061abe82,0.006999402186727237
ck_fc4a43f8876bf10f,0.25598167083607787
ck_f34fb7ccf82f41e5,0.01490541956945556
ck_5af9934a56801ac0,0.006682726078109655
ck_fc7445ec76389a58,0.45982326251871614
ck_1eeacc26f02fbba4,0.0405013214482623
ck_4f325dd15c9bd45c,0.01885157754662952
ck_5009a6c8bbaf15ba,0.03237036463843761
ck_0f3de7f074bb33af,0.010109750558594645
ck_2cbc2f93a32eede8,0.03988839830418373
ck_4bb90a61c21a303b,0.0124494369502727
ck_3ade9eac7d7b0dbf,0.11217642954143082
ck_4859a58629622915,0.10729027400380485
ck_5fed957287ebca03,0.008446545892641192
ck_ec01ae5351500355,0.0036598654464998007
ck_703b41624ae6a5b6,0.0042072940782994644
ck_97c38e7f61c27e47,0.01491775552464347
ck_db2c0908150cb2cc,0.02565260311150049
ck_64ac5e6fed86ab60,0.9626551830653294
ck_da1c853b0a061e83,0.018521382438532918
ck_9a36916b60178ded,0.7286682681811191
ck_3715bfa7fed2c675,0.008960410614654525
ck_dd3feb77d7d4f6d3,0.007182163034262363
ck_982ebb24174a4ade,0.015815666526535602
ck_f6b7a10d47dd9a1f,0.014896749403890722
ck_1f56fe99f250cdf4,0.020572600020993495
ck_deb3ac0606d6f6db,0.011020164956746079
ck_e666629e5a41b39b,0.00945426803119207
ck_756d2c13d02b3e09,0.014373669756124906
ck_7bc752ae7cf5d55f,0.026365221669265013
ck_fc0cc4b25e6a8194,0.00786792693109351
ck_9b2b0e286de78a1b,0.01608144777319458
ck_24b0803447211bf3,0.02116593973356796
ck_82eed68d05a42128,0.07016997129583741
ck_c8a03c516ed5b05c,0.13143658775512487
ck_e914974cee1bccb1,0.00872539131368172
ck_0c533ff2d0f9962a,0.010096066693213253
ck_c12805fa5d970a83,0.049088400661457275
ck_fc2cb29918631f10,0.07984635052503598
ck_c20e89afe575549b,0.003803279529216107
ck_e1ff9e31becc27ae,0.20695483449715243
ck_18116d0ac08f1996,0.9194470050898662
ck_885a83975cea5e64,0.005022118317304113
ck_a0c3059a959ba5d1,0.017201699076594166
ck_75257ca7d7da2861,0.01439288345817564
ck_2210f7a0d13bdbef,0.024341764014179992
ck_9cbd9ecf8374f65f,0.014609718276126818
ck_18f67c00ba21fbde,0.009390586974283468
ck_2d28f14d3973d8fb,0.004416363110892856
ck_8b3401b44aaae728,0.0037584548192906493
ck_9d8e9ef37797d3af,0.6493559972293524
ck_9f50920c894f64e1,0.028573515860806333
ck_4737e0d56c6fa0a1,0.01768327717848918
ck_52c311f29ca3aca9,0.001992199091781881
ck_6a4981bc721df37a,0.02165616252690611
ck_823539d936c55fc6,0.002915414536300166
ck_df5aedb4118020bf,0.9390757170521976
ck_a911a066ff0f7b56,0.023247336867492734
ck_684609767df4a14b,0.06594715559064186
ck_f2350bf355dc919e,0.006301239686573528
ck_8452b6cf97c65a5e,0.01109259283871089
ck_084cd84501012218,0.7868341358723522
ck_ace6b72e5bf3e93b,0.22297911622931443
ck_2afdd69094c955c5,0.05702548156943204
ck_fa7d5be26bf7b31c,0.1811896466727925
ck_4b041217690fca2f,0.021817221229660514
ck_9fb8e3d38cdf276d,0.9648391451715183
ck_c1ee56d65a42f59f,0.01324115855627589
ck_fdeaa1cd085691f0,0.07328370598273022
ck_5de33a7a87e9aa62,0.02215907130789381
ck_7476e7fe1ff45545,0.030951087027783514
ck_b0a947b498e47018,0.01106489045752934
ck_e3894ed88a7977e4,0.004938183310372849
ck_c7e07ebfb0bc15f6,0.027039708509148695
ck_3a3daa8b376f2a18,0.0028296455525358226
ck_87809324c2675b0a,0.014685012048564502
ck_7eb4f33260f1dcd4,0.009518074318961752
ck_ab9f0e08af030060,0.024808343262461414
ck_5b8fc4a76f340797,0.03568410099196557
ck_0e7bf10ef49aa818,0.023013262995689607
ck_a44462a3853ac67e,0.9441198582244933
ck_2d14bcd2e0fc043d,0.007021575132746249
ck_df1f2dba802296be,0.86249672912296
ck_466a7316eaf149b1,0.051145708296053104
ck_50df50af592b0c06,0.02035221286929931
ck_5f9e34c849704b95,0.015127447773749936
ck_7836bf6def26aa87,0.21389315919220467
ck_ba175b1bd8efaabf,0.016485414481860874
ck_1a0aac7f7b94b1be,0.17253244128901227
ck_6768c4b2aa8ce586,0.012746887881697337
ck_eefcf0ed15897898,0.01937748920858057
ck_7a6cb27e390b6ceb,0.012026579741045868
ck_5275be4e1577c1c7,0.0062849014239658154
ck_6bc0e5b8c0b7d2bd,0.022339823399691622
ck_4874bdec79f9106c,0.02716697266893571
ck_a678731156ad7bd2,0.20734142958641014
ck_db906debc36a5d1e,0.02131435139631978
ck_e87897767c612942,0.012225728474231722
ck_45ed5ee496ef8a67,0.020393704867777637
ck_ae20e28f9854f3ee,0.022664427455061018
ck_9ee044b73943a90b,0.010954779358117178
ck_dab34cf6f0626c9b,0.03732256156857738
ck_64a02b7b96149810,0.0036066917841652466
ck_c417d06f3e94685d,0.03176669282844918
ck_3e0149cdee4cb294,0.016880518946851043
ck_0e6046fc30f81705,0.024965785010660612
ck_c383aeabd53e9c89,0.016237316603512044
ck_2ef76f1f36e8b869,0.0846358597127576
ck_43948784650bb9ac,0.0073906657314521075
ck_bdb966f43ac350ee,0.02061207322040348
ck_5bea0e0ee0b094cd,0.008406158164270313
ck_dff090f03ca5529e,0.0055818803299574815
ck_a4691b57f837d88e,0.01434010665224618
ck_99ee90946395d74d,0.38260235007660254
ck_cc81dbc83a8879fd,0.007763554099970266
ck_f3dc0725621b3a35,0.005001820918270162
ck_1bb212d1288b9689,0.028962365530585024
ck_9e7278fc7679f002,0.03425363943652305
ck_3ded7a8720d7e311,0.0064546517135524424
ck_798157bcdb9453e1,0.003701609322677373
ck_9fba80f56f357fe1,0.006075126573482044
ck_f1e1c8491f16f912,0.00635181850929533
ck_7b1319a5ca2f63c6,0.9651886363474144
ck_124432fd5c92af7e,0.7009700157034064
ck_148cb0c723284dc0,0.013407080833508356
ck_b56c62c950eda009,0.003916464304919335
ck_a0498755cd8d7188,0.007830229638573752
ck_5379452a9d74efae,0.003573804056754506
ck_6c2453229d608183,0.03364419703215089
ck_f9d8b4813a88c1e6,0.012455727341092751
ck_c2c7d1e45a521857,0.030145172415907723
ck_4364a83a11743888,0.00762361386161733
ck_2cdf5fd97ba75e06,0.03397472501467775
ck_71bc01291e0533a0,0.004386486803839018
ck_a725d7aed2a0bdc2,0.004224077693418096
ck_a9b0c4dbd7db6a91,0.03225972565162507
ck_a4258806a533efa9,0.023293990669875548
ck_905e460591d9a278,0.14428210969578162
ck_20de8abfd8960ee3,0.028965155776757744
ck_252b0a0f1119b220,0.0032227699387463297
ck_95e4bef65c36af1a,0.003975062629533999
ck_5ab68b434ad53fea,0.00783500972011212
ck_13677a1957078827,0.004219549648844435
ck_d251e9fa09e542dd,0.9875732684561984
ck_700cb620f300dd47,0.009746764568259738
ck_39a68c55a1bd3ace,0.13633057435188412
ck_61a59a7944d6c53e,0.08126395479169242
ck_db6d1c6d31da967a,0.02044382529643908
ck_650020c500b1b50d,0.006932653026765326
ck_d812eb6930192793,0.0023223297212783974
ck_92f6ebc11ebca89b,0.028375980996705897
ck_d87e26eb5bc84b01,0.005026175422235105
ck_66439e697695224c,0.003683767842840191
ck_f21efd504faa654c,0.005477496139711958
ck_15eed0f5652f0352,0.006881702378714155
ck_bcdbf57d98dc0d27,0.04122585191737626
ck_873ceb8004d3a9f7,0.03724688643924659
ck_70bef9ddd4bab005,0.0035063094516258413
ck_7560f1891d66f294,0.00882833730589115
ck_f439f16f8693883f,0.0122066074146885
ck_14f9535e53f9c7a6,0.01640721666049526
ck_5984be472d2bc267,0.23338601962038233
ck_ed01be7504dc4187,0.08552700945966418
ck_dc3d8b5c17b67ae9,0.005166021086405174
ck_9dc23031b6b494af,0.01884405978297235
ck_fbdac0221bc03f66,0.018433963952153534
ck_863708a99b92ef0d,0.030931706895008824
ck_22b52654776a1ea8,0.5992386243046856
ck_a0714f98001efa0c,0.012738564042402771
ck_9c56114f84e9a541,0.014965609607310216
ck_e155cf506b2fb699,0.023999659451192396
ck_65ed7e72f24731e7,0.008832310377113394
ck_822d6e8e43befc72,0.1954750026165959
ck_b1182471d9ac6b26,0.002369982418385843
ck_821446adc95e6da5,0.007375688591624174
ck_ff182f033134dbb8,0.04433533336175621
ck_9c5feef7647b0588,0.009163102230762101
ck_df935d8bdd44883e,0.013673648978464884
ck_01eb24c18ad11fca,0.05186948819745546
ck_00d6730134a1eb51,0.009375329754707465
ck_79ba8e85678d0224,0.016327025947976654
ck_97e3b04a1350f6e4,0.028431733865570977
ck_74e9747954a46eaa,0.19866882732899493
ck_397d5fcc9972f909,0.025508636727419792
ck_9ede89e8a43c3f53,0.07668337559834293
ck_303b33910d67f306,0.005069395679775054
ck_3c17841636f6f7dc,0.009798963077818692
ck_78730527f8ba1438,0.3456194008894317
ck_5ee32bc6bb5d1d4c,0.2005097510134687
ck_a13fee8cd925d0dc,0.0070103379505805155
ck_6f847263379f2e43,0.04587260376726274
ck_9b9d9e579e7b55b2,0.13577580635147724
ck_87c1d0a79e79c84b,0.018807865818857284
ck_bfc453eabb472f91,0.03348265486416299
ck_978c21bb5fe3171e,0.037763650712603444
ck_dd882323474431d4,0.08661139528688044
ck_533c4f7400d5ab22,0.19333088824111386
ck_5f217bfe28954e75,0.9610088312922854
ck_ae96d35465b3b4bd,0.009136297797416268
ck_512ebe97c0af94dd,0.15875000594616318
ck_f558fe02bb0219b8,0.01627031700783294
ck_84092e23d5ef4d51,0.04500776654909348
ck_17d3022ca12eacd7,0.010162320016749863
ck_8a8f81bf3558fd9c,0.007685326268559608
ck_0ada6fed1864e7c4,0.007533252568172497
ck_21fe7bc59dcd78fb,0.0036069668567760105
ck_e136e20c1c74fe38,0.0159438186493672
ck_e7a530e09d113dd7,0.19832169629355553
ck_7cb0c9ded4d63027,0.01592118498182648
ck_102db9615e722c9e,0.017650048619032726
ck_129e39ddfde92eeb,0.003355971929166516
ck_d730ff21bfd7769d,0.0071348110787994344
ck_54459b45d2be8459,0.006313735879424885
ck_7f1c20319eb60aa6,0.9578641191513131
ck_939fede90473e412,0.004510657178888533
ck_e0f9506a6d5f4a1a,0.0031183986662551622
ck_9a4967cdf49265cd,0.13057815895245753
ck_b9eaf03453ac7d5f,0.00396125186182299
ck_522477be6376b450,0.01126872263142551
ck_9b6282e3bad50710,0.00947205192131776
ck_a0e3a2facd508e49,0.025441886602685402
ck_97ffae702f7c3d08,0.008548196950417494
ck_344a95cb7115ec67,0.013096668837111808
ck_1f2760764afa45e8,0.036565580584019514
ck_720cd658d11ea428,0.0849296624735666
ck_04e32ee9834c088d,0.01827777827626126
ck_2bb1389e5e72c8f4,0.0248319467725944
ck_961e7dbc217cfbbc,0.015881834342311493
ck_f3bce4eccfa6d6bb,0.004882249381276407
ck_e0ccfa0d689339be,0.005695311256531736
ck_98217aeafa0bfefd,0.015830713446577035
ck_a02aeec1914c158a,0.025023315679695166
ck_20a17e8f206a14c8,0.01838230067288336
ck_114c32aad4b6183f,0.03789990871816654
ck_79f5198f0decef20,0.006299331658895305
ck_2209de229b4c71c5,0.011249242820183698
ck_6ee939b7f396975f,0.00757024874552821
ck_202f0c14b07ace01,0.020674720493255364
ck_fa24db9d416ab904,0.005801784057189881
ck_cf6aa24b92c4d33c,0.3972967307555979
ck_45f57fb8194cefc8,0.013177372078256443
ck_d5eb179dc45394c6,0.008440169871246453
ck_efb24be983342f75,0.015408256852018737
ck_245f5d62ead5ef28,0.01698352175071644
ck_15fe2a47fa7e92ea,0.004452474887405112
ck_b6527a85fd682554,0.03774798464488035
ck_11f9390a11ce9ff5,0.03877301035935938
ck_ffb4d892c5158201,0.005350728919751305
ck_d4c1da5a1427fd6a,0.024328097490485468
ck_2c041b1efb1c5063,0.0046380524596918195
ck_ecc18f40b33be769,0.08661143779146725
ck_0525349f3945375b,0.07808274288137133
ck_0bfe62e0c7eab9c9,0.029757355170612676
ck_b7c37d410b1646c2,0.025545289246172696
ck_4b15b0746318cf42,0.03213916358995692
ck_e5ee006ecd8ff661,0.03429406467314915
ck_ccc83cf66365357b,0.018220726360690973
ck_34a33ffe8339f66d,0.9559910091380583
ck_4e39e3b165edab58,0.8910315307459729
ck_1a71f8081ae00190,0.8562025367551461
ck_ed8f1200fc049c40,0.9351241125089046
ck_8a5a57858e8c77f3,0.027265750720723802
ck_fff9fdc2adf5100b,0.8176536162383935
ck_c76f1bf40f3b787b,0.001989825413204307
ck_1a6ddfeef82b1b1a,0.009533835647970518
ck_478d2667aa9896d9,0.07268500025135048
ck_641c8e7694b21f3b,0.01638314105422625
ck_293581d879f6663b,0.7930712352648422
ck_1bfa8abdb22be8f0,0.17316486717373306
ck_05ab5b03d0bf9ce4,0.5443212386592298
ck_35694db37f0cde7a,0.002053925898505711
ck_fe33eb743d714c03,0.0074375633215821415
ck_abd10fbcbaf2b038,0.007604617292277851
ck_46d51648c1bf80e5,0.2681626384347341
ck_5c8390017fabfaef,0.018525199984430047
ck_87d55ca333f22072,0.002354129065782647
ck_c39c6a1453e2b92c,0.0036651343109409345
ck_69ff1b0aa143a168,0.0032938970211892457
ck_e57c79eaab35ded7,0.003007907352767684
ck_463ae759e2b6ad1d,0.01046660437103804
ck_0dae4a7eb587f3ba,0.027814943509390417
ck_9b12fb56529ebc4e,0.022507216461283147
ck_1af547077ba2dd03,0.1501516736507089
ck_de13de941bebc7cf,0.003834788732178135
ck_83dde7da2bf647ac,0.0023843024189720186
ck_c80a94d4660041fe,0.06245041639346017
ck_f39cfeb277ef6528,0.0026327653309582096
ck_1cec1ed1512a2d3d,0.004034600117052249
ck_7955a359b6448799,0.006111795060401794
ck_8c0955dad13c3ca1,0.0030641796556897384
ck_6d4cd2de601a2308,0.017060041491086
ck_f4536ba8dd2d551d,0.010707779255012949
ck_b379c198d6db2d62,0.023507546154518767
ck_76ea90ebc74bcdc7,0.02651736157139799
ck_734f06bd4aa92781,0.016138894857696966
ck_677e1d0c14cbf569,0.005983626000436779
ck_259271c70f3fbcbe,0.03883485857377792
ck_c0b744eb9e7d4eb7,0.008640569365044584
ck_3d41faeb96802f68,0.005331951872065088
ck_8f604fa70fc3c8e3,0.004386730434757979
ck_0b3c3bea0e0ed339,0.0232257875219242
ck_be5df076b8a86409,0.004272486071965486
ck_6a475fe324d7d790,0.05484034706085036
ck_3ba3fa5387bacee8,0.0022494892359985097
ck_324b9939d9c1c31e,0.0026793662361951475
ck_a7fcf7b592f68ca1,0.018886080708499117
ck_5b2728f7cca414ae,0.0018802015901817348
ck_5f4a25ffd0b85a47,0.018736439550272207
ck_63d4f5076fe4406e,0.0041410984858860555
ck_af528d66c86f0cb8,0.00946820818704548
ck_ac7cdb9b8da7b5dd,0.01793897222762926
ck_3bece63711407e25,0.01714476839596214
ck_d4e0b2a12fcfc35e,0.0031257067904538484
ck_ee3e7c9d3a9c74b4,0.09003566037737491
ck_50d7c4dab837bf66,0.0122187354262363
ck_ebcb93a2990fc914,0.10721362632719593
ck_2329cc9702cdf7a0,0.027128707775440908
ck_db1fa53d588bf99e,0.006146840544964169
ck_44e57a0bad5a0745,0.014092524645190419
ck_472c81a144f4631b,0.00492721204966333
ck_1658429acd5306ba,0.031042858509453954
ck_466103ec5bd9444b,0.022420659700421213
ck_9757163e25262b74,0.037777399976600755
ck_34ed59bc2c9b0186,0.005001623255105038
ck_b7bd3a7f263f4f29,0.037766410780725464
ck_149662b09d632e41,0.00524979425688631
ck_a9ffd6b3957bd41e,0.005410566584353548
ck_ab80466ef615e85c,0.004612545443470927
ck_f2c824d3473db24c,0.0224216695080459
ck_a4a01fd45936b078,0.031223112250518912
ck_8f6ce158c2902877,0.0028681860443015798
ck_5189a302cfa7cefd,0.0036949273119237526
ck_430a3d03be588201,0.02680059547760637
ck_b5f9dd00914b4db4,0.00730516781483792
ck_52dec82e9cf6135a,0.008501909482103678
ck_95e444a01e2ab4a5,0.023755675891335353
ck_e37cee7b123692af,0.0355946061827847
ck_d68d42858a55adff,0.03166284511483272
ck_3abfc010091d679d,0.017973954526031097
ck_cee4e4e1b62bf82f,0.0334404281059617
ck_9ccb17c35e636c5e,0.012203996098725717
ck_f72a5a3b0d6c1177,0.0019140713914401013
ck_7508aa554fae6afb,0.1376917822005198
ck_003aa842b7ca1d77,0.5003011645567897
ck_83b2b192f41ee2bc,0.3023565886367554
ck_64796b6b2c3c7f06,0.009149622527748666
ck_6438ae81d43cb196,0.0469654369658602
ck_2bd73d9098504760,0.04939967278830117
ck_aa8b9b36a099e4c8,0.03973553035985977
ck_e5ece47d0dd10526,0.012857056277336557
ck_16077ac345472e6a,0.01305000296589682
ck_a4d6e152b0076964,0.0058161345712044454
ck_d90b1d03ae151f62,0.015860299107685123
ck_18b36d342b530af4,0.009393675861010984
ck_2a01e610348b84f8,0.015561843038263521
ck_0a93ed76bf36c8b6,0.012749783286951739
ck_3d56b477fe2370b6,0.02580969630988743
ck_17ab3068fa303682,0.005630803648288674
ck_592a3520d841d11b,0.016677924561800617
ck_84d07028b5fca2f6,0.015555669530686841
ck_f4a2bb10afa85743,0.010962374867590568
ck_4fe4b072f03f2c1e,0.0019741871861104873
ck_9ad08fcc183ea1e7,0.01097199069811433
ck_130d3848b9dcdb05,0.011727150360403754
ck_bb399ed6bf28c230,0.02857460662527601
ck_a31a64a39a2c4941,0.00835814856397564
ck_c49f25dfb39909cf,0.09066371507503777
ck_55f50a9ae2db8ff7,0.004312415144616894
ck_09faa4e771cf876b,0.008156558896815299
ck_df520a7a6e405889,0.017218777734116616
ck_8c8c98cc694ac900,0.11893674636760444
ck_7f0c4f609673ef62,0.017654020774857494
ck_f51fe59cd445d2cb,0.006027917759494514
ck_b3fb83f0d772a831,0.010040010562542518
ck_d6e7e257751c299b,0.005281077769396114
ck_0d362ddb4a1cb6d4,0.006650821949179049
ck_a574a08edaf81781,0.005630782654652849
ck_a823f5bcb0e4b9df,0.002289284100328972
ck_f792586ad0381eac,0.032836427410028235
ck_54bfd70022c66983,0.007272430397245927
ck_fe0a9372c9372de9,0.007150022975586471
ck_5691cd6fdb6d8147,0.01717567042384888
ck_a95f212a02433d23,0.008498971360607949
ck_f5adad75e1c06731,0.040157347880053144
ck_e09c97520eb0533c,0.16572787315324364
ck_a1e13c0d58560340,0.0019195867950084992
ck_cacc2ca410cbe80b,0.008720503741473965
ck_c0dde2a6ef1e08c5,0.0035659663664822246
ck_a04403073c90ce38,0.0024287488260123333
ck_03d3026107175dae,0.023256145088057106
ck_50176dae5b1b716d,0.005420828157006813
ck_6c084bfcb38e96c3,0.0185811802143763
ck_36d2be9012f7909e,0.0097234694643439
ck_958acf84c6137a22,0.014271917929204602
ck_114722e12db90a73,0.018317359694425505
ck_203c2a22c0c165ac,0.011225379539162363
ck_2c44ca550e5cfa82,0.018028742462854228
ck_df0a8f20ab8f14f4,0.03928164451615694
ck_826a27ff7555192e,0.009988609328483654
ck_09a988ebcf062297,0.02445392701455253
ck_5c82444b3b9160ae,0.008960127053611154
ck_f6a4a7ed27fe76fc,0.038218714292484635
ck_17de46314b5c6a92,0.010225945569502543
ck_335e63101b1e6c4c,0.1222262779396191
ck_c5eefc0697451de9,0.036774299303870224
ck_49a0efb5d4067b6f,0.15562508121817506
ck_c1f4509c8f5dac5c,0.03276715776540618
ck_57658eda1c59bc52,0.004036235781282325
ck_0d5c0736ec76385a,0.003883414428545005
ck_e0239e6ae30795a7,0.019596239030628383
ck_e4459115cd8e5e4f,0.018345703100950437
ck_bb4aec09d4968dda,0.20604531624703515
ck_a1b4c96faed3e0db,0.03293948944090674
ck_8247b79ac67aae7d,0.012724068389420078
ck_fe2fc7d6e5d83f09,0.006599344609131349
ck_f6aea576cde8d592,0.0017332364419086884
ck_b7e7f7d0cd886412,0.04633034380812964
ck_ca7b993e8286af7f,0.007993627750251297
ck_47de038381a9cd65,0.008106298012564314
ck_d38f941d09eec820,0.03167136020748991
ck_d9ba2a6c0d926b4d,0.010578298514680102
ck_cda72f597330d0f3,0.0037256461329596238
ck_16d2d27fadeeacf7,0.010089533349590611
ck_be05447853d423a9,0.005364098740568424
ck_cd92852d7376a4a8,0.006603378718758969
ck_2faf7ecccc9fec58,0.0024562896056683583
ck_db8733fd92f20cd7,0.022258789723809545
ck_a9989a3a94c26634,0.015212796503772953
ck_957fb25437c75e41,0.037180098256487486
ck_e6a6caf6e7de17c2,0.0060504197002699866
ck_f7bc569b37e8bdda,0.014348637641880097
ck_703b375dd86a6124,0.02804597855339443
ck_d3cfb3603f2c6ca3,0.04454197255803353
ck_07cb2b6f2a4303e1,0.027246834735732927
ck_31631e2028d4f855,0.01503231698382855
ck_1631bab0ba1256db,0.014154561887148398
ck_5fdafeaec036f016,0.011752499777601262
ck_6eda4c36aecad602,0.005389389785743662
ck_bd1bf9e3e29de281,0.09304879493515095
ck_bf378ea558a4125f,0.6563222443939519
ck_7aa2deeda0e57412,0.986896942606983
ck_d229cf7f5a3f38ca,0.014908580710550597
ck_9e109edd124492a5,0.005346887908931389
ck_779491819995625d,0.12704039245248802
ck_b89c6fa2ad0a12f5,0.012714999330660939
ck_1d01b4a609918c4e,0.9310103749216201
ck_714c5d7cb17bc9f2,0.009878181686580686
ck_269f1746f2609ed4,0.006313237602176448
ck_4be03a2aa62b93c7,0.002342319535062615
ck_cf920313f6dd28fa,0.019450271995957696
ck_fb00aae4e17740c5,0.013531361150046337
ck_085d8c42739e2b10,0.9877090935789153
ck_c72a7d0d03cf3e17,0.13096242308113856
ck_8f6ca5d3b17eac6e,0.0030895337993885196
ck_d9573100bbff4014,0.39549562495369156
ck_79d6793d1d0cf43c,0.00330886676288163
ck_91fa5032f7aff0f1,0.06080953467850483
ck_87110d84872c0fed,0.01910369598831544
ck_8220da627e9992a5,0.0019114228335227555
ck_2ae44938847f3852,0.0073758343124623775
ck_b0f191e44f9b6f35,0.0359731235642892
ck_3049d744b527f4d0,0.006071104719563457
ck_47d3e8d1dd3fbcef,0.014587908758146037
ck_ddf787359d2b5deb,0.0013930654583124103
ck_b27a9e39726b26d9,0.005134167688616565
ck_80c4e9274cf976b6,0.975822083824581
ck_c6afa913168ce8fa,0.02058290334351755
ck_52427b3f8478db19,0.026433643145586706
ck_3b810f15ca0eaa55,0.0055385086073324085
ck_0c9e420f97baaa06,0.8482443037692274
ck_f8540cf3a8b2f8c9,0.02404967333163596
ck_1402d24dd623df72,0.0048841388250038505
ck_eb4f4267e24d042c,0.012281256459436585
ck_6f661b428d6fb8e4,0.03717399014804775
ck_519a26ecf3d29c90,0.019910006428581893
ck_e886ba71d4a6fd73,0.021812239134913147
ck_437f9ecd2016a1a8,0.019619157634346778
ck_f01af1b0c977cc06,0.007708872354281147
ck_614f777c2eb5d537,0.003096796666155825
ck_b804e784cde9af8b,0.014081276867933428
ck_c2dccbc1b24b137b,0.1281548120037447
ck_1df4a1781a0f6999,0.0182335125728436
ck_bd2cdd53fca26171,0.013391639711618665
ck_424c254249a109f0,0.032654281650918805
ck_cf2ca4f286e289ba,0.03191398938263728
ck_6c33cb15b0d8af54,0.008211629793769585
ck_311d395fa9b8550a,0.02633413932955284
ck_9f792e7e721ff7f1,0.005752419841494754
ck_4c37586080edb7fd,0.0021427977451962065
ck_7c4f42c5397113b0,0.016163232855925632
ck_fc418f53ce4aa579,0.9260742635046079
ck_1ba28fb7ef726ce2,0.0065427236610826585
ck_d932f98bf6b83956,0.03785458960856811
ck_248b3659a9239240,0.019442643176624422
ck_6a92cf5f4cf5de38,0.01346540926555922
ck_65519d0fb137e0c5,0.006722509515232761
ck_ddc3fc99eaba2064,0.040080719461104246
ck_7310cda3bc65a73f,0.009609829715733957
ck_c01c85bd631d4054,0.007022282452272473
ck_b4954d16b9749829,0.013458020256570046
ck_f301f6758e170d66,0.042890097012496624
ck_9bf95f8c47e7c7b4,0.008046568473903226
ck_c91b7fccf6aeb4a5,0.07832463638062866
ck_785fa45e86bc5e95,0.0064551199628663306
ck_2a65f1cc23f1180e,0.0024702248508421047
ck_a49a2c1f881a3560,0.004680075105343024
ck_def344d68f06d749,0.014323943381138278
ck_abbd1465fc730d78,0.00491160228213614
ck_07a5610ed28162fb,0.013077869309942656
ck_7ecdee2d7127be8b,0.007168247220245855
ck_67858bc00e81490d,0.0029987428312223383
ck_b4ad165ace910222,0.008061437408060203
ck_30753ffe481a1b8c,0.5784414414545487
ck_c401a26725b17177,0.004102246339705085
ck_819988d8a7f26415,0.002691105848935484
ck_3364a1d9261b3638,0.004878136259223959
ck_c484c5bda389bf20,0.00144655049326104
ck_ae416325fef92c9d,0.9107158215609896
ck_5517b9a865960542,0.006278769712463691
ck_a0e96fed380440b2,0.0069075107046025
ck_e83409471d2b0b44,0.01908695500066099
ck_127273af97d7827d,0.006692238350197932
ck_aaa9861c91bd14dd,0.005475312357989246
ck_a378c58294001a36,0.8797497666892449
ck_abb9d65ff1f95b64,0.031958486758566336
ck_a5ecbefa849ae569,0.012343477719489284
ck_aa9953c0ca2bed7b,0.0018097442463831544
ck_40bc6de252865f32,0.0030942752917463372
ck_9fb11688dcfe1513,0.0071115725925148575
ck_ba68841ca2ba073d,0.03082163582769656
ck_1d3e561a7d20be0a,0.9728557579654241
ck_99a92d710a29c1d0,0.003275540685588311
ck_ede2e887697ffac0,0.0028673732631595335
ck_e6de67c0d82a7b83,0.034657587441873285
ck_6b38763bf5ddbcef,0.0317226299290784
ck_8dd44eead7d765a5,0.016862039021275782
ck_30bf5b0056eea9e9,0.2188775464706926
ck_2981d16f8a51a8ed,0.019969858589307613
ck_fc60f42c68c7024f,0.03598516481878237
ck_8e2b2251ee224aa4,0.007114697379787317
ck_1906f0dfaf6e9bad,0.48597387289518973
ck_dcbe6814fc4ca0b4,0.04471123223595424
ck_f7e958a286ae3b57,0.011811596896624643
ck_713649668a7ca824,0.05694473477669313
ck_6f73cdbf9305e2ea,0.011438351886017805
ck_dd1c490050cd9051,0.023863343867422004
ck_e30db36e376606f7,0.20718740428113258
ck_740d8fe8028b5a2e,0.008059977929605276
ck_ebbc9418cd41f692,0.0030135739004668147
ck_7b3cc6cc3f250f39,0.009314022017784801
ck_1d30eef7110809e5,0.48160914827978635
ck_77e0589ab339ca66,0.006104896666831255
ck_15ccbf8ff7d14086,0.009927832804884691
ck_246989b0c288664f,0.038094970151530426
ck_fc2a6e27b10b10e9,0.009186887060907626
ck_8afc1112c12f5402,0.017388294800691623
ck_a76e8d83b9141364,0.03726864593346827
ck_51d3e8dd7465c015,0.004014599213686665
ck_e7b4016909405981,0.0059481131246054905
ck_e7a3cfb9bf908e80,0.02307834127747395
ck_2bb49dc2388cdc1e,0.007240168852630295
ck_94f4266ee7871345,0.008439876605993308
ck_b2c896beec146477,0.008716047266610622
ck_fcf5d4a4748cdd53,0.006235846653296206
ck_fd0483639811f62e,0.11379208610915786
ck_9a21d183524734aa,0.03017142734697949
ck_1df4b46c0a4c317d,0.02157771536871755
ck_638df9e8a22dfe0b,0.01848658823808424
ck_65acc43a6dc3e65d,0.008192504565950632
ck_7c67b73196e3d0d9,0.005052383953688692
ck_b0ee3a98175b462d,0.007016883057483789
ck_20fad010969f1abf,0.0024681352828090654
ck_54b087bd873af8b8,0.017453852195446887
ck_8007824431fa803b,0.007026885432651697
ck_23aab322810b9fec,0.009473307941894564
ck_c8001bdb9aafc8a6,0.00994513929347706
ck_3a34c3ac83cf84b3,0.006803777387921363
ck_60187ac2c473a662,0.9767931468769531
ck_6a0ccd7357979f0f,0.10972651311550911
ck_27f20337bef5ffe0,0.01607029228554979
ck_f9fc468915afe49c,0.04791367149414103
ck_1eabc15a94bd9009,0.017413253307917122
ck_26896c494b2768ef,0.009256859384046884
ck_348c874eaf0354f4,0.028077691836618842
ck_be9c46acd216b45d,0.01460244345893185
ck_a3cce46d15cc20a2,0.07390841462763519
ck_70804f60d9704128,0.027806888217845594
ck_a019151ca8e7527a,0.05689960281147818
ck_571133b2aa8ead51,0.03930909585267919
ck_0afa4449f20d5196,0.005875402672528111
ck_4d503c41cf4e5034,0.01767028055438542
ck_d6fb9cc5171e3e9b,0.7745585930012711
ck_05ed92a7c3e10e5d,0.03343387546129323
ck_bfb067986660afe3,0.0836746734186329
ck_c1a31690c8573226,0.00479955911678016
ck_cb88ef3dc1f42225,0.012435325859423382
ck_21e3b3bd998745e5,0.0432851484883511
ck_cf52e46fa54e4540,0.0032926883359554048
ck_b72c7ac4208052ab,0.02613619589415006
ck_e6465c56b337e6c2,0.008013867304299378
ck_5f87eb05d18186c0,0.011839500795762646
ck_263f6c5ff26b5e98,0.009449693408228684
ck_e0b7e2c0bbe228d9,0.010407257017934353
ck_b657ae3c146cb7bd,0.006132339696254031
ck_abac514d8167ea58,0.15331520651814554
ck_024dcab126876002,0.013943668835590678
ck_5d8481e2b38bd99d,0.01249018119168985
ck_edf229c17d25dac1,0.2061723441910576
ck_6cb7c97b72d6b5d3,0.005888349869553917
ck_c96ae2c28086a059,0.026235618878894713
ck_2f241b97c0f8389e,0.00858487957939071
ck_9158bdbb63ee8987,0.008506105500518639
ck_e7b40b60786c1530,0.009328777279528867
ck_66d38518f68e6194,0.0054975731400309265
ck_8c9b57ad2a991416,0.050926597357439006
ck_cc91bd7152d3e9ba,0.01832308418426713
ck_0d846660c7957a88,0.003628804149112663
ck_60896cdac2212bea,0.06156714280605985
ck_dc4db8b932df49de,0.10037557689144201
ck_2dc31db181150e20,0.010948709744784789
ck_2f138fce1171e277,0.013486612799523614
ck_68b8b859a6ef505b,0.01961104269859761
ck_c3fe0c6c5e1f40f6,0.012454331249882003
ck_15886fe84866de92,0.023043826980116765
ck_ea269b35406473e8,0.002585357322069538
ck_3ce7cad1f69b71d6,0.019188242103231393
ck_054ed4288ee58d6e,0.024975317515306808
ck_3d4913a86f207fee,0.052901328821262854
ck_23ff85f9d2355e8d,0.010656804547346731
ck_d87ab3261322216a,0.001658142004209476
ck_fac046ce336fe39d,0.005183810409510144
ck_beb97e498e6cf8e8,0.04128355577729324
ck_1f517e0ebf397b51,0.010927180375290427
ck_0af57ebaa45877a1,0.007255673541074724
ck_f99bc1732ce5e999,0.02514674232600028
ck_abb056a9deab275a,0.026959866554126872
ck_0bfc394c5faa65cb,0.010865554778289292
ck_ddc865af1dd5670e,0.03402547537482845
ck_68b5542459638b56,0.023952834836106527
ck_0b1d84252c0b46c2,0.006070673285256323
ck_520ec32c4f253604,0.020899588957283912
ck_79ffcfee599d77c7,0.011218554364557758
ck_eb224c0fd146253f,0.032051693657108055
ck_0e477084434da450,0.009083175089894703
ck_07840bba5570785b,0.04833877342470149
ck_6b67fe8e310ab865,0.006801429389870881
ck_e2a1068c2fa22525,0.021225020128004684
ck_b9c6b32f6bd92a3c,0.005188645919700392
ck_c1e7d1021ae58f00,0.0024527437386250637
ck_5d7801201749ffde,0.01443646600514395
ck_c8806749e263f70b,0.004657739143267426
ck_c9eeab826781dc91,0.01058072041691853
ck_309a432c160a17b3,0.005773786244955001
ck_b22e3337b8e3dbb2,0.006837210329958193
ck_79c30169c71b8033,0.9625658693922178
ck_5a6593d954085775,0.0047812857935601956
ck_70b9b79ea1aacba8,0.012383605105362239
ck_63743141ffa11f45,0.01327259057099084
ck_dfd3dbd0d97a642b,0.0068767019405115044
ck_635646a661f05b4a,0.027751222282589277
ck_4b123d6931b6d0d7,0.20410559180596133
ck_f2b0e7a47f442557,0.8556470527168559
ck_1b1df006b81d38ba,0.0057292463065644296
ck_360237c1bd30f4bd,0.01495011863795998
ck_5e84bca0e362da20,0.019333013612484875
ck_142dba210ed2f3b5,0.056870214725921214
ck_a3564236069e3524,0.06602147117105701
ck_cf36d8b070ded782,0.012467802683344282
ck_ddd6625c5eddad70,0.0016336114096116162
ck_ad54292a0b2f44ef,0.01810203536200135
ck_45cd5ef6b359e9b4,0.004789810171393332
ck_982c2392238b7be3,0.2962126577587069
ck_083e4ac78685c3bb,0.014421874132694107
ck_729cc0b46cc2e546,0.13059282977786477
ck_f2b8995fe5402759,0.004122807088177842
ck_73e24f5a8da289b3,0.024918478226279364
ck_bd85f30c36f5998d,0.0378572198604925
ck_ee4ff3aeadf912c1,0.007135743296478553
ck_63d2978706e193d2,0.018685430506146076
ck_6a0684436a1e66c3,0.7697433469753161
ck_182dc4a2f5a366da,0.0024490571693306473
ck_e6fecb82fc2a82de,0.00782767339982211
ck_cfb06f07394dfe64,0.0035449147639939134
ck_7bbe1dc8add17ef0,0.01699096513648841
ck_5cacad76e02c8e3d,0.7164112382141058
ck_ca68dec0c7df5a12,0.008039706285178314
ck_e4c0fc52c82065d3,0.009612598817885995
ck_f9197b070416f443,0.006898695656686614
ck_2a07c7021b71cf65,0.021949577696731584
ck_4fa85cebf707de2c,0.0032335230750416503
ck_0063d2a9507467e5,0.012867535441622094
ck_ec986285fff05b7d,0.005053465463939331
ck_279d43303708109b,0.006993718449642962
ck_a406bf11e48cf8c5,0.03871445749246329
ck_064b2aa3f0bfdb6e,0.01041651763413635
ck_95790440bc4bd2d0,0.008848158132512324
ck_70066eea13b4c34f,0.011834584049090153
ck_19468fe07e26f992,0.9423071476609408
ck_86bfe328e0a533b9,0.5050565622413922
ck_ace3b96c977a7560,0.15948180273877052
ck_642344e5c652d8df,0.00975498118044839
ck_074be35c951ae10a,0.011135201773394103
ck_f14dce41036486a3,0.9844061937472187
ck_5cf67a3a747e684d,0.026695735394285592
ck_f7285b92648c1c81,0.0038319120836104864
ck_bef3193f124fca5c,0.16842289067920294
ck_05c4dcbb45de1f8d,0.0065012754335450175
ck_d7c28eaa05bb7144,0.01765259358104573
ck_320df984791a1b99,0.005115774142924928
ck_f45bad1606fa00a7,0.005613195796559791
ck_6f81c199e986d9fc,0.011561133357244416
ck_d0c9633fed57c344,0.019141709363204747
ck_a3c25d6cc7478068,0.01764816109393393
ck_4185506d12cf9fa0,0.002157967453796686
ck_7a02ee1bfba7353b,0.015789582710473874
ck_1b52590757c0fbeb,0.010354835722155219
ck_a0e5656e1cf9cbf5,0.006140925829505384
ck_ace21f6daef94f6e,0.007586549394433965
ck_646d8d0834782d6a,0.24813249361608192
ck_1f136a4476b5e775,0.01410578853004379
ck_325c7643cce02da3,0.06374675720479565
ck_9b5e7fe28208f5d1,0.0035070392298318276
ck_05d81b1a150f31c5,0.006367233856006334
ck_0e9ec486bff403c5,0.0072587201132771435
ck_ee13c091bc379188,0.018432235643505435
ck_f7a7f8f5903617c5,0.016472642847157756
ck_96c3a3517153390e,0.016025235946769852
ck_538dad7f096458ad,0.006466001742603103
ck_8758fc6622bbb7df,0.03514627943123413
ck_f7e53af3c91fec64,0.05896360426548574
ck_80b50fad7f255e1d,0.007886820791896062
ck_9645e7adc08631b5,0.027880853028713393
ck_e007aedbf37d6ec7,0.01094802905875786
ck_2951d76c41de2569,0.07219436381982643
ck_9439bff87e616d4a,0.008683496282192673
ck_a73045e96af0e4fe,0.016933351838887178
ck_7b382e533e2e925a,0.01634405719453823
ck_730226c2d216cacc,0.005619945662205299
ck_bdf837d761a7cec2,0.11458696376614431
ck_0b34197335ba3341,0.012138480860199218
ck_49170c4b31a20f5c,0.0036326916244865276
ck_cd553ba6589d8bfd,0.01299436231290776
ck_56b992c6f136fa5e,0.01598716383589981
ck_8beae3d7328fa41a,0.0418559055942041
ck_1a065ea906ae3d6a,0.003612344536075545
ck_e9e3381d5e0e5051,0.003077885723357284
ck_a6d4f998dadc90c2,0.13977612408736917
ck_d36733da917115a6,0.036420154343411164
ck_e738e920bbd74a7d,0.013478428099527671
ck_af65eb885a51048d,0.0024481513296205487
ck_73f4eb09af29b1c0,0.02285355386400118
ck_8fc641b1750a2542,0.029466941327704693
ck_41b954c7a948c060,0.005740814543458349
ck_25fc3010e8a0f6d7,0.010942042035476522
ck_a2624e0387974e0e,0.05664601540384067
ck_5cb9d7b2329d5ab6,0.030583945288684796
ck_6c83aa1d100a7cd8,0.03448213556145236
ck_67025c64588abd1e,0.008457199167445867
ck_f5dde68f6f0468e1,0.0057900307870983716
ck_46bfb2cfc29a6d2e,0.015148584691836406
ck_49dddb894d33f6db,0.03688696275961833
ck_f738b633b8862d18,0.00182195275944884
ck_3d6c3c00d854f5a4,0.10401076072452427
ck_cdb8061d8d1a6c5f,0.02757945399264815
ck_5e1b81848718bdc3,0.021960161265377837
ck_8def763034187436,0.007529616727931616
ck_8f8e4fb9c6190272,0.011606327920362335
ck_368b968b5f33431e,0.003983333720682149
ck_ba7e347251ea399b,0.013889703215330623
ck_9075432001a64e75,0.010138133470827261
ck_73c5371635aca173,0.8847362530430108
ck_81793387b38047cc,0.005062393519054673
ck_0cf220816e320ac5,0.005056194312607918
ck_820219bb9c761b52,0.3592252247756879
ck_70a932ab39d86a24,0.0018176196080749555
ck_2c4be237a7ed79c7,0.0022504056216883974
ck_acc764b49ef02826,0.3553632392774437
ck_74c3c3452e4e7cce,0.003384148600680774
ck_34dfb57e5bf31d2f,0.017952698422753165
ck_6ec39903f765956d,0.02769186267598066
ck_5986119e7d81e831,0.017447276281203544
ck_2ddfc948b8eac752,0.23050610107543665
ck_921ff5ceaf40a968,0.0431973921120169
ck_fb3b68b4424b5f92,0.06617847201799981
ck_c3db1b3ad4f16679,0.011865672218350753
ck_124a197be41687f5,0.022352224642795415
ck_c58d9151834f5bad,0.03422130602126818
ck_389607982eb6b701,0.832954254064291
ck_fb0c138c003e933a,0.0016896724860623873
ck_50d0bb7edd8c69c0,0.045774242298040564
ck_c6cb651149dc9a8a,0.0034966228611056395
ck_81e21354e477eceb,0.014202023722098488
ck_7696e38b3e4197b0,0.013747012198712778
ck_586001d3ed9e7fbc,0.00205224463689311
ck_bba413492dc46f2a,0.012567199126862322
ck_95b894380ad2702a,0.0758674049091538
ck_277621473369614f,0.9909582270259669
ck_a50621b5eeca84b4,0.0024058324155254124
ck_bfa7ba218b988cde,0.03619144206888319
ck_5ea89567dfe78e4b,0.01698037026619492
ck_6c679602a6476ab2,0.008760202192566067
ck_d3885e286b3b11d2,0.09592197334286773
ck_cdcf6671b37c9c92,0.010842442716555203
ck_b5c93e6d34f8d366,0.003973745959804275
ck_c24f61925dc158d5,0.09290436765651199
ck_cd09375e6c81d2c4,0.017195992749013744
ck_a95afc7a00303a26,0.00751811088711635
ck_8e89ca8b39f3f8ad,0.004749935971491603
ck_9a84b396aada3fa8,0.11352480253024581
ck_5124a2e415384945,0.028612071650359117
ck_d66bb1f063357f99,0.005615115386638139
ck_0fd9312411b0ac55,0.009508774973907216
ck_ad8cbe6e27e47ede,0.017879774790227277
ck_8398adeaf41f9cae,0.01445888925718101
ck_dcf851e7bb5855d0,0.005370817485601122
ck_9affb0f26776b642,0.01661161116387118
ck_f0424b3b36bdbef0,0.03656995555434974
ck_66746d1090d6d9e9,0.0023266494591444122
ck_e5f8c8a5824db594,0.005115645325108748
ck_3e91dcc209431984,0.018444181934314206
ck_126a82e8d42e5ce6,0.006508826028921908
ck_38e4a74ab256e2eb,0.012222485132000806
ck_1225a97fc413a419,0.019677962996631663
ck_9b5ec0f78e160e65,0.005949326108070422
ck_7c5529bcc079600b,0.02227802302790578
ck_29640fc2fe81c251,0.006773484266124539
ck_160e9ba0a3f7c1fd,0.16029346183998816
ck_bff090cb4ab76b9f,0.014779651614129655
ck_aa06ed358e43db69,0.030298083464869934
ck_7264486eb512d84a,0.007467770067420213
ck_f5a32e6160b28379,0.0061788171296634845
ck_4ba8bec14c2217e1,0.014687181353367246
ck_610815786d729d2f,0.114136586497068
ck_e267999226b6321b,0.00177298250885515
ck_f3996a3c8eea1ea0,0.012543685888926783
ck_e9b75ed7567a3f23,0.021895278213036686
ck_d21612d48bb4f7b8,0.009464867094081503
ck_1f871df76c6a995b,0.04246496951774109
ck_953bd5de48ccd70f,0.8009610168739161
ck_02a9104419a6dbaf,0.006649261619131294
ck_1eeeee651e05d535,0.03776716245338783
ck_e2ab04136a442a98,0.008076125119993813
ck_f0d806624ef3d359,0.014912798270881192
ck_4b68b38c1b3326a3,0.004455806953986902
ck_74e60495f8861156,0.016043511891758722
ck_398f3f4cf05c721b,0.00281909051453774
ck_f761b7650a0c1a85,0.008337327334042226
ck_7dadef33f5e2d94f,0.9719458078192283
ck_6ff6883633b8c7ba,0.004431834311522394
ck_4d2159603045109e,0.007422541824584551
ck_a38bd07a5fac5c9a,0.004242678647813795
ck_f517f06551e69507,0.022127270521360497
ck_a7ea00a1760ad561,0.9861646216252945
ck_31fc51d5a3dfe16a,0.01970610915061064
ck_bac5233623b25ca4,0.015234717338987873
ck_385188ab27784fe3,0.05292203852302191
ck_9947a323bab5cacd,0.1321797165282387
ck_7973edc9f22ee7b6,0.01875497627019763
ck_f97c477986043755,0.006607493361858324
ck_1a3fd2cc4b4de196,0.004358360050488291
ck_e18ac29ea62cb435,0.02407528892250586
ck_9720a472a3e0140c,0.003959919799942576
ck_668c7fc7d7e47c0e,0.019950165219671915
ck_214af0806470ef48,0.015465591391130162
ck_a46c1773f01f0be7,0.14595092298112158
ck_f2bdcfb4203ffdee,0.07067387697108744
ck_40e84e6ffe788a4c,0.02391906678607017
ck_dfc6f5712d8d6678,0.12076220577491288
ck_01ef1036b2e66a4b,0.00665590445815029
ck_3acfec10eec32f9c,0.00610406214354366
ck_084a85145c15ed77,0.08674535820912777
ck_fcdb4fe2f095fba1,0.0763358838297236
ck_023908db0a193076,0.1320904244305668
ck_fec0ff92fd622253,0.007642219768198396
ck_c009c97d5fafbced,0.17057239321816017
ck_eb9f0c06ee017ee5,0.014769189993323951
ck_d7792b429620fc24,0.007551918184675231
ck_5e9e149a3b69c726,0.019297412640919876
ck_ce927322ef8f651c,0.007328182162678002
ck_b8fd61a8e82bce32,0.9664745628993425
ck_9aafc33fba1474cb,0.009986947827891552
ck_ce81ff9b8b35562f,0.013605602397050035
ck_25bfca1d8eaa152d,0.016045269420886906
ck_170c65860e2a7e23,0.0074284066120367176
ck_952da7ca9f33decb,0.01189901509103234
ck_1ebd574406235957,0.00929830689055851
ck_589109a188adc2c1,0.0035020141863549245
ck_f0cbd5383bb07778,0.0418292008218461
ck_242521e261148fba,0.012002210439138843
ck_509cece86a558de4,0.006476195337395001
ck_0dd7c5925d28755c,0.006620006909660415
ck_a7e669cf1c3985aa,0.019366421904836915
ck_acb84dc2351eeb76,0.004431223602614258
ck_b837c7dac2a9b931,0.0168185145279483
ck_18eb1f9181f95df4,0.0038813331330344613
ck_b0b9047dddb1ec84,0.5867316723592088
ck_43aa136bdb0a2832,0.3626582344182425
ck_3e47f8c56c811700,0.035531808155932654
ck_77c587d24695ea15,0.029316957382837783
ck_20578ac693ea4e93,0.013841835494657501
ck_b9f6040eebd1605f,0.07626877339792842
ck_ca9d86f65cfdf018,0.003926806439395585
ck_a4fa8833995c716a,0.013955694191480452
ck_f589f1e29301b5fd,0.006889170735118705
ck_961ddb8ff55d868e,0.0032273342258324223
ck_5662492a54e6688b,0.286755449170287
ck_ad48826c1c26eb78,0.4766340266950532
ck_621c9ddde6bf2eca,0.019750469620568215
ck_417a3500b2c717b3,0.039391840167438186
ck_c7e129058beb3ac1,0.031041524438689235
ck_ec1c902b9b9b9c5f,0.1809248023633739
ck_317360ec0a67d27e,0.08643921953843044
ck_3e3ea5d8c4a229dc,0.03787038033961365
ck_d11d27de7bf0b973,0.31298730431093663
ck_d37d56e931105db0,0.00683190022833224
ck_4863077723cd6ce1,0.0024583681364736347
ck_479a065d5903e9c3,0.005447034785975226
ck_e66ae4fd586fedea,0.026812757388718994
ck_192bbfd0d5720134,0.03299568786938737
ck_3b436cb29af99f3d,0.011760149987902903
ck_7c7ca54969eed187,0.029411985896537162
ck_826ee896c9f1144d,0.2253557012896672
ck_ba1f6dd43fc8a0b1,0.0067124533816310394
ck_49685deb63e4e8f8,0.019482272723675535
ck_687ab5d5554bfa79,0.033178554039249485
ck_41346ccd9242cc8f,0.004168326464465021
ck_8f8e5e2b9dfec3d1,0.016058336667117794
ck_94d5ce61a0c50465,0.011022910795957581
ck_6b954c75aad8c012,0.044429015522358485
ck_748af92828c9d288,0.008975481728131623
ck_dddd14091ce812c2,0.01163731240354695
ck_723323f6870fab59,0.03086058752318015
ck_dbdf8d0708cc6718,0.010928808349452408
ck_f04938570a154de3,0.008020715405178925
ck_58afa1550b3b5294,0.011254749587662108
ck_3b150afde386ecff,0.0388832943783455
ck_666b95e75d99ec4e,0.8086589975057009
ck_e00332597cf1eb24,0.039462102422387214
ck_9a9e3dac79280d7f,0.23428925872931217
ck_e8d37262e859d9a1,0.016147523126771108
ck_895bb39d24bc1c4c,0.002091314853717327
ck_b367449195e36499,0.008569205884671695
ck_d23f9a50d1135ce1,0.079516208018781
ck_670dc4910cf476c2,0.003188792639808537
ck_3ecd8a5ce65e21ca,0.009773254497965527
ck_8584fea2df4c6317,0.019789641414651983
ck_0789ff4562202b20,0.023540466968776087
ck_749e0e50c3907be8,0.004061264525854522
ck_c3ff6790cc6d7e34,0.017329399190840714
ck_75fb7e56432ee4b2,0.020988110379072403
ck_529fc3170fd11abd,0.03437387564152045
ck_34a69b3b4a681796,0.26716543541861243
ck_255f0e5888ae9e23,0.07424812045996013
ck_65be698386474170,0.0030222890465036608
ck_5eec9ed855c26000,0.003401728317283802
ck_5ab39bdc9610f6f3,0.6664147170905567
ck_1b5b75762f033462,0.013064353482722823
ck_d3e208671cf37f91,0.8023608984757166
ck_5068ee554ceff971,0.04313456422653852
ck_d7d50fb57fcb2d0e,0.006052351762910657
ck_ba6e1115fceaa067,0.014430110472346382
ck_d07bfb16a4a7dac0,0.8384892248032304
ck_ead68310311690c8,0.6054683928560111
ck_ee53ce862bc9c111,0.01333861691264601
ck_97e56e6037024dff,0.0015769374476480608
ck_80b04344c98ec072,0.029905431888017486
ck_5954f45a2ab45f43,0.017915723366612773
ck_18ddf7e836256e3b,0.007474058725260389
ck_89a1a780144d808b,0.020670716032229586
ck_a7331e8b808c39aa,0.06828677040973001
ck_a1fd0ad03ff9b776,0.022459239524303967
ck_c0cf50eef030b401,0.002276880338910842
ck_074f20921189e7d6,0.007385829309760571
ck_e2aa7be60794593d,0.08923001313576634
ck_72771757dfb7f7a8,0.017945611466998773
ck_a9cd84a6dddfe584,0.014642823961497624
ck_142c00f9f8557504,0.021288628360344074
ck_221b5d40358230f4,0.015343807675189483
ck_a2d7a563f520b7ea,0.007999151867775311
ck_66cd34bc568d95e0,0.015683775203047114
ck_a17128972d3e507d,0.01013791791900088
ck_bda299466bb2136e,0.02817721844804838
ck_2b699066665abe8a,0.014397380143789896
ck_0ac9848bd4ba0c14,0.0017572104576952647
ck_98d2f9a6ba3a3077,0.7427143051449635
ck_a872df31b28a5f7f,0.29284059183966876
ck_7e73e1d44ce82ed9,0.004706369623732164
ck_1a415416f620d49d,0.007897579578374704
ck_c95c786d2f8b8edc,0.007599098114368323
ck_e45012f22b7f91d5,0.007290934424344454
ck_aa0b083e2a6813eb,0.06393697900870167
ck_4666232ddbf77756,0.01431619999160016
ck_e08e9c8ec5f23d8b,0.013158164322150593
ck_31d4c0518e5f52c6,0.017372564688735683
ck_c1ab40638f04cb02,0.007540718688548337
ck_4c1fdd1669c7cf51,0.005364007122033544
ck_11662cc7940ffc82,0.09336502610807224
ck_2e679af24adedac8,0.006802904509061632
ck_454b9e21b7f25a4c,0.003931155370830664
ck_355c4f29089731e8,0.6805334215834575
ck_507e40760a24d2d5,0.011233306940768885
ck_0943e0f305078e34,0.968827046381751
ck_abc54ed7111e9ed1,0.003291223150375474
ck_a60fe02fc04407a9,0.032904054793911265
ck_244b897bb4d57c1f,0.007201502929925344
ck_8c84fcde93a04334,0.056554481460774464
ck_9eea37d2de633b27,0.00625852993451349
ck_b2cb9e6610eca967,0.00780128317056687
ck_09aadb4c41b166f1,0.15019892167379698
ck_8d94fbb4828ef326,0.008724485558017128
ck_089e3a07abbe3b8f,0.0056106712456494455
ck_dfee9de05e3971cf,0.00662676433539969
ck_6abf8302ce052451,0.02933200167992875
ck_6ffa90143838a4a2,0.004432638429756022
ck_325caeab5c7a9c3a,0.004631559837191676
ck_1964ee9db929a173,0.9070333251964741
ck_942b95988a6245a6,0.05140945481980933
ck_913ecdeeb8e21a9c,0.012965958061101124
ck_ecf9794349eb4b3b,0.045375938942593536
ck_b6cb8d6ae828eed1,0.04429780738369495
ck_2f82ea66c4f53b33,0.1698214701442046
ck_6e676daa4855b58f,0.04885555070143718
ck_2a37fef48b44e9c8,0.015815817157442735
ck_3bd12d468fdc2450,0.007007851656122007
ck_1a28b6a40a6bd3b4,0.04309528107743515
ck_61b79dec96d15713,0.004251138969182715
ck_31d5e3daced93d3c,0.00765850379028762
ck_e6c8611c0cf233d7,0.004728198711644684
ck_f04761b4a937ac3b,0.00811280731166281
ck_38c1c75cf055031b,0.017918230495515868
ck_59a561f3df01441a,0.01909875121005854
ck_04e40f556a5062ef,0.01159669103420658
ck_8409716d174635b6,0.01215749394474957
ck_3019afee83342701,0.03874944468785149
ck_b51a58e7f032c9a8,0.07225663195205248
ck_5043e474f848346d,0.023227282272109365
ck_4388abce33ecd01b,0.3840748350648861
ck_c93def7392f0aff5,0.03882271660431976
ck_72e7b1acc19df820,0.0051537909081529045
ck_f253130dc3ca5b3c,0.006577194280753426
ck_eb264d1b180d4b4c,0.4419900445257621
ck_c2504f5a113433ee,0.004893606105455925
ck_c16ab1e4dafb4910,0.1277173682468866
ck_4bc42878fa180991,0.020396620564340027
ck_1c771a7c78f6622c,0.027107944939692
ck_d523f0e50a2747ad,0.0029884725842961647
ck_9060f4e7ab7a1b0c,0.009540969364962114
ck_6b55ec4e87a5e22c,0.03880204809393629
ck_55fc62a5f89a7251,0.015375237819955707
ck_bd2545c62f258231,0.07359466011976092
ck_1ccdc69d0bb712b4,0.01632526370184527
ck_710f867a3bd5898c,0.00353274860128721
ck_f91d48c40337d375,0.05865704309902383
ck_f76d929541ed41dd,0.048684609098298144
ck_e26a6659c237b650,0.021572147343757102
ck_184983177b73dea5,0.011773233260467588
ck_6d0d081bfa8a0022,0.033988473212798395
ck_2f6e64f638da0f97,0.0047654771995261505
ck_15b93103ccd38609,0.007599121872940519
ck_094d10439b7b4eac,0.006298779227027343
ck_d2ca47180a926ba2,0.005712173934989917
ck_a69ca7b9d70972bb,0.0025072965253810915
ck_68914e67343a7d32,0.009545490262092284
ck_8176616132458c0f,0.030458734594444342
ck_eee99af3598311b8,0.0673643981351726
ck_94410eedfca91304,0.024871484001653482
ck_cfb11a0a2325bff5,0.005660118184947474
ck_75217ee144b715f8,0.0406752566283917
ck_d56fc799542299b8,0.0034439662588218924
ck_4c352dd3e7c81269,0.04690889747194806
ck_e23e50e02cb3904d,0.03946747857925253
ck_b921af37d500e139,0.023279090173067354
ck_82181b935360dcbc,0.9661056247494614
ck_22a7cf3b99c5e5fd,0.007817170385143098
ck_f67ee7910d532216,0.020193933591489622
ck_5f48762a14a0326f,0.006238617209393973
ck_1757fcb0e6e3f88e,0.0804858923871181
ck_2c2f080ba185016e,0.050042673857031233
ck_4c25570eb72711b8,0.008196322906270438
ck_a3be871ca22ac416,0.011890587920381132
ck_ab70961e7c6695b2,0.011498401460150395
ck_a1cdebfc42a52448,0.0056384916549298315
ck_f1b80b821a20186d,0.027121522534181392
ck_ae668e4564cd2aa1,0.006682958798175588
ck_0e2bc3a5afa439d8,0.02497063005151584
ck_3dc378f37d0b74b8,0.012578758576146841
ck_9f9555197480d1cd,0.007669089423560381
ck_bf4e7d48770a4a8b,0.06309671111058668
ck_614ef655f0685060,0.005966826623689109
ck_04d2ea38ee27770f,0.003548407623863208
ck_e03a9d8ac94161d5,0.004170360908194087
ck_d4007b5b26d9d854,0.0037822967468205647
ck_2dd147ce6d61749f,0.018072546874478488
ck_ff45764ea7d6619f,0.012241361969422118
ck_dbc487cb0a6c18da,0.8867551712891087
ck_791d5392bbd80447,0.011388710077254866
ck_b4068439c413b150,0.020172243170347885
ck_85df7b7de9700aba,0.002563372601439033
ck_001e42551cd06e40,0.005966976607299578
ck_a6c02ae50932cd9d,0.007070688086680723
ck_9fd0be2c018ff5e4,0.010858038482867358
ck_32a495128395fde5,0.037369535459489255
ck_b6f2a2fd232c141b,0.021170570516682308
ck_28dde633692904b0,0.1078758477738175
ck_a1a93c5f375f6021,0.010959480692565063
ck_e3982142336782df,0.011693623827009454
ck_a9812ff3c111ea94,0.00897992138012516
ck_f04062216f95fa00,0.009366741637306934
ck_7c560467daca735f,0.0012731574445912096
ck_76ee10d6e2dba70f,0.025316304538912617
ck_3521243bdac61178,0.010276547875496166
ck_28588fb03b320520,0.04602298402973289
ck_580dcec33ec232b8,0.03472912150744809
ck_7109923fd7dab20a,0.010379163051942674
ck_7c872c99481c1e9e,0.010607250050602549
ck_46f4e1f5026f4d1b,0.0017328106365394026
ck_00d1ebc31ec4653c,0.03126946663999709
ck_aac70764dde15168,0.036621467686752736
ck_648c03f9aa4e45f1,0.044542745266595296
ck_5478eb69ef912785,0.10329336320832717
ck_79b8523137bb2603,0.0659932080104797
ck_795c49f312640019,0.0028073585705414433
ck_89184bf7b7fe41cd,0.42454010064014996
ck_97d4bd922996fa10,0.05553754920929561
ck_1cef30d08f3a598d,0.004561470728282267
ck_2f9fd36a4a40a6a8,0.002543280995115287
ck_40780fc0f8d6f309,0.015146628572049898
ck_9083ca9fec2a7f4c,0.01531706857403021
ck_62081bc35aa59931,0.007777240010450953
ck_2e1b46c5fc56b863,0.12338439928132701
ck_3d139692c51b604a,0.061259776844251594
ck_b5e54e22e3d6960a,0.013053034909115172
ck_c0c4be3f44311b04,0.003308273865944606
ck_82a8bdd2692c2a5e,0.019707861549751887
ck_bdd2da300b530c5a,0.006229176260680869
ck_ee40498cd97183d3,0.004669574595459292
ck_70b9274473bd6dfe,0.005747549818873381
ck_473d6314ea614b29,0.005321429902878074
ck_7443d6dca8cd1352,0.00356021411554076
ck_3b49768b448b071e,0.029482675769965164
ck_b43f04431c267dea,0.004160892392298206
ck_4424a5223ba2fe00,0.009604435345618783
ck_819bf3e8231f4081,0.031451366633940374
ck_91d417507a8c58cb,0.1328369799991824
ck_e88e86b19cada4aa,0.014683075374872913
ck_59684167f9c6bf4c,0.074122410777278
ck_d5f5b0dc97b9dc27,0.03271616088460753
ck_13d1b192bbff8f32,0.007187185882617152
ck_b21d8630387cabce,0.005355066146690302
ck_e4ac22046699b99f,0.014431639544288506
ck_74b848064f2ff45d,0.004841182863184892
ck_166aa980cc87fa77,0.03405559428319179
ck_98e337806104dd88,0.0019102550104777808
ck_66eb09be007f0755,0.01938912222578502
ck_3ec9b9d8dd7be11c,0.024826659538921204
ck_8b8b9de339d75d0b,0.01950016040550718
ck_6715139e240007d9,0.00645438838807218
ck_a0255ab46e122d2f,0.004240017934402096
ck_66e81a4190c33510,0.01671528451258181
ck_5d75ea4f5c9080bc,0.7927940880150085
ck_df69858b8a8b3165,0.019173207821171132
ck_e15252ebd7553422,0.004677828891854557
ck_34d6d74bb3ed11e5,0.002816018866912774
ck_c2608f78f6851d10,0.027233049708189117
ck_bb99071e8f58c8a4,0.09892471818009951
ck_06010f0df5b7cef8,0.09440366815987729
ck_8c582eb0f6c0148c,0.014101520997881423
ck_0034d010d28aea78,0.0155306720641155
ck_01c1f06692566ca1,0.0069991960012060995
ck_4807726e797fb893,0.017019722609256504
ck_edc9668282e3c8cb,0.013393099030844598
ck_5486768475af7bb5,0.7431218562728966
ck_3fb9813849e51837,0.009256185709941384
ck_861af5a9a9a6d619,0.0065771962689561494
ck_da39653add0f1109,0.003056209746637587
ck_74a4244eb1f162e4,0.0017788477167684183
ck_9a930faade55b8ea,0.008461785902781266
ck_fb6e06ca88519dcd,0.013271520116707807
ck_9776cd8263a9f415,0.05296084147001879
ck_b3dd1198ac5aea73,0.00893349131897951
ck_b6675a04df1a4276,0.0028001351226706584
ck_5c7ad6e731b69333,0.44510674251071486
ck_28dc0fdbaec00580,0.09429805704465015
ck_8e7a32f7e3905f4e,0.018280228001007624
ck_8563fed6674afc77,0.01752582163658171
ck_9a2fcccb82da663e,0.01739757928492574
ck_6a519bdac0d94527,0.00441009253520348
ck_a0dab7aa9c4a39a9,0.008326911275047715
ck_a3ce05e9e5e32142,0.0346247266994118
ck_7a7e40ee3f97c035,0.031191825823926947
ck_9e9a830785112a73,0.035730551101182215
ck_ab1bb02f6b189304,0.15203154634483043
ck_7b8cb0f90fbdc8c6,0.005132704358096925
ck_b138fc249e659e60,0.014519481019486904
ck_e73caa3771ec5e0f,0.0048993123867572186
ck_18a55b06ccccd88b,0.04353671826743291
ck_fdcb1d9265d8fec1,0.10502383593053495
ck_e21a900556b382ad,0.014391339910328066
ck_c6bf67470f526771,0.06420118331532658
ck_b568ba3837afb39a,0.001824749923321025
ck_a2858979dd5645ef,0.0026454157893335815
ck_1da9d40837ebaa57,0.037101280567884046
ck_9341c7959543c542,0.0058035292560914145
ck_c8ad86806b9a2369,0.07459168569307191
ck_5c85d93ecfed4b0e,0.05971614765098727
ck_f07b09879d697b82,0.006637343355194481
ck_fe43da07608b1749,0.014320756016888078
ck_4bca22b5926b9c28,0.005790155809769018
ck_aba573aa942b1d41,0.002988127961321285
ck_57c14e32fa4683bf,0.003187559019447545
ck_891530b489ce402b,0.005366960486205692
ck_5e74fdadb93ff293,0.024967991522742285
ck_14436a409ebcc90f,0.005201132278681028
ck_00013fdfa0bd37dd,0.008111888040412194
ck_7dbe24ba01316775,0.028574021614105355
ck_0e3f80c1553c591b,0.016596250238296747
ck_3edc45db58760d76,0.004119297960211054
ck_29076a13f539187a,0.6508032279401696
ck_b1e81b58b9a545ce,0.11907046092007904
ck_3f8571d4f7420b2a,0.04187920378793103
ck_7dff6abe4bd644dd,0.7820645289549436
ck_2884bab237af16b7,0.008717030022445074
ck_231e6dd1fe708000,0.009759044612097506
ck_33ecaa7b892e73df,0.01691567289182012
ck_b109ec4c63503030,0.006219781768582808
ck_a7f522382509cef1,0.004126072128402728
ck_748b3ea941d8b3b9,0.1712999970888869
ck_29f3a1737a2d9634,0.022179048542613405
ck_cee8d42475a0f020,0.00889782661572096
ck_c6b6ebe145a8ffab,0.004640262053421147
ck_21c99e1d6b881894,0.004150320691331308
ck_5ad798286384484e,0.02657741071711113
ck_b621b6ffcc7f4848,0.018031853602718247
ck_ea819e337233475c,0.21820361646923883
ck_9e3896c2668ce06b,0.0712512025170511
ck_501dcf1ead036d2b,0.012260353542352382
ck_8d5eda29a2cffa3c,0.011423612528131765
ck_4d3aa36ff83f1132,0.4999652213722401
ck_8e9faf94e3e6c757,0.004155396932366246
ck_ce0ec41f96951048,0.027155933231661294
ck_f09165d73ee903b1,0.008861819753091077
ck_a432b1bf1d3b3d5e,0.4864080921870548
ck_ea618f720ff0b4b0,0.010532166411573389
ck_7584e7bd755cb28a,0.008144690000155686
ck_e14681aad43e1a72,0.03849247463577327
ck_5e18870d8e30e379,0.018902024191442254
ck_ff7c26a62bda8089,0.006264261576476538
ck_cc5a35175d381d5a,0.005674485420612055
ck_3c25029e40aa8a84,0.00469973561468584
ck_771247b5bc16c12a,0.006237913826677501
ck_664b5e02759f985a,0.0035009454703545453
ck_692a9e8f504b9762,0.0023390948214422383
ck_df8ad2deb0a4ffed,0.02963582000650869
ck_eb48c0bcd12ea654,0.013782399325635783
ck_7c77e597c951cdad,0.01647473158227248
ck_4f75144c6f3b13ad,0.01084099420447477
ck_1bcff399166d7c43,0.004872450304273799
ck_975c2aa3d4a8c51a,0.009701501105666125
ck_bc6f07b06aaa4ce3,0.2795878838013834
ck_80b072b7f3c7e8e5,0.0074923027327919965
ck_471e4018a23b4e56,0.017675251909066627
ck_53cddfba570b4a3b,0.00980061904932772
ck_630530e50764f229,0.016193408214998452
ck_dcef7887a4f1e435,0.05326751633982818
ck_2795921a055643f6,0.006198369147302599
ck_7456df89f3792235,0.0046671369433318784
ck_5014a3b07e1f049f,0.5034682494240328
ck_d4ec44760cbe03f4,0.011076459241734124
ck_96810ad39d4cb7b0,0.01943621184184482
ck_3222ea25aa29bfa6,0.005591194100422538
ck_f6c42001b84a10cb,0.05415176308329158
ck_5ac86682385c86b8,0.017007801652985804
ck_4280c33af57eb4f4,0.003172049167000734
ck_05f79ddd8eefaa56,0.018319415985817673
ck_3a57a13ce032a6fe,0.004587448978101072
ck_a721f0d635fad68a,0.0038238783133406604
ck_a3f821bdf408c326,0.006199070048718745
ck_0ada63008be5685a,0.014821090260872465
ck_8c949bdc6e8720fa,0.1419606886391287
ck_c0d2c56f9c722e99,0.9715315024278929
ck_5d2b9e6e087b8dfc,0.9668806871471111
ck_5217b55593a332ca,0.08698800719334117
ck_7a7bb9be5a7e48ad,0.010466788618869854
ck_24cd0d779e866287,0.0034166695224317404
ck_7367917891a63771,0.03432945878646149
ck_4b31a8862a857e6e,0.862549588738959
ck_81429c4910ca46cd,0.002838762052559929
ck_b35d803568f82d9a,0.011711709419706492
ck_4b00e75c2d2d0522,0.005054773488402639
ck_77fced07f6dff42b,0.015005906627004718
ck_3c9a06eb07c300e4,0.006792318321432314
ck_b3867f7f494db64c,0.004338237167265978
ck_0c45e54897ab34e2,0.01575675382355349
ck_507a6a580ab55c76,0.007932603239052581
ck_291bffc7809f896a,0.0038794173828956362
ck_3753cc5b9d02e2fd,0.004093379414083976
ck_4f63d5245b3ac1dd,0.02158226944400432
ck_9dfb2ae78659240a,0.009458684294904287
ck_90f6f5ced708aa75,0.0020293728032758813
ck_8b5b5a6b5539e39b,0.826713593433983
ck_4719112b55d20161,0.017255295768697193
ck_fec888a7108ca52d,0.9816313894198135
ck_4f5d022c99f118b7,0.02775682545923243
ck_e967ff05514b697b,0.04182145606981812
ck_839ce35819bfa4fc,0.004370579452244109
ck_bdee1221b9addff8,0.006788013659625357
ck_9cde4036d0914427,0.009380960156404512
ck_5ac959cbcc5e98f3,0.0031537910333661275
ck_619842688294dabc,0.009547868125442645
ck_7373d7b04c7799bd,0.011835751760211228
ck_c1dd3feb9a0b6471,0.015461746537571328
ck_0324a4812ec319c6,0.006340634889437181
ck_7f3685aa2933b251,0.07751881986034576
ck_06aee5a62a67a84c,0.1756450509938723
ck_3428910b44b9d08f,0.033595690823772936
ck_c3ba7534cefc1de8,0.016950099064731012
ck_1f1273a67cbad5e5,0.8267739402678481
ck_124565a11b2f8bb8,0.0076592681461318335
ck_38e46bc861e0165b,0.032638215347815754
ck_c8ad3f01319c065e,0.022603952668276733
ck_3f94a34f5038f7c1,0.7790860989125351
ck_cee56be5a502fbd1,0.21385442444609368
ck_2b90b76cf4d162f9,0.02020712141531014
ck_884b2e463ff1d54f,0.00425085355617495
ck_fab4f2f8531b4827,0.012109747678013242
ck_4fc6256e0e60a926,0.008193933583851884
ck_0a2f8b2f8a5b6f02,0.0328097432483602
ck_9c0deab8a8367c5e,0.007340625305202307
ck_d3a2a4c011fa2554,0.018871472001102275
ck_4108b4038f762817,0.03829148940856638
ck_4df036e2aa7e1056,0.010085839373877485
ck_ec094eb1cbb3efc5,0.0038999508763122967
ck_09f8f51bfd2492c6,0.0117730949389998
ck_b60fb9a10d6f4489,0.04006255031650815
ck_3638bc3388dbc1bc,0.30656945275625125
ck_7a58e0cc9943c39a,0.005938274487952918
ck_37dab6a0a536ed49,0.08716775485814117
ck_adc576690df5b33b,0.029879535513646898
ck_1383b2b1875000f2,0.013982917694403983
ck_43c1248db37a2eb0,0.0048863308589647
ck_29c11bd68858e923,0.003664066218680102
ck_9401f9e11f65337d,0.012682531846349375
ck_ce5ed372b1a2ed6b,0.03669753716437308
ck_08b4619490e751a8,0.7435381188582394
ck_44b9125526acb05d,0.012445561647438796
ck_ef1a1de20d2124cb,0.02201499157375468
ck_e5e2624b7fc89774,0.025095807851207932
ck_f5100511609b92c0,0.0029340983393552136
ck_64f3bb17101b7c42,0.013802311916283136
ck_ea1e5b5128ecba2c,0.019359079311201854
ck_516163fcf04d5e77,0.01822645205319625
ck_7f9a748110d70005,0.0057003259538600986
ck_d263b55f0a681cce,0.05227156371403907
ck_0e962eacf98a813e,0.005613333562826543
ck_0406931800e0e2e6,0.00395082936577132
ck_0e9b982afc88a3a9,0.9836657337241426
ck_8bbb625384edebd7,0.0019942913687670386
ck_5eaeb87bf6207406,0.8415082469147638
ck_cc3318839c4b0745,0.004782175558006541
ck_08a0355d1f1890ef,0.014235471577037133
ck_af7ffd1a822460d3,0.09167275942863433
ck_2a09c7aa870edb6b,0.0029374609308991245
ck_bc04f51c23290bcc,0.0085789513063333
ck_d3a8333cb389f4c6,0.01038276639221146
ck_88e3dd3039508332,0.03362011931609406
ck_b8c7771de9b57705,0.011295167681671409
ck_585ababa02383b50,0.010478672665494114
ck_e988c108754cee9c,0.011159880620978902
ck_4a691892d9d6cf89,0.008180245368352058
ck_7cdce37d895eefb8,0.009901866021275699
ck_483fb981a1fb4317,0.002875877471297999
ck_c1e5182bd99e0e35,0.23125616623968337
ck_9a1e3ec9a1839939,0.007841006808060375
ck_5c3f13de0dbd5086,0.00918700940488276
ck_f4f6f0caaab70040,0.01334841467355583
ck_791be3378dd7d64c,0.02158677863801303
ck_956dd784525f5886,0.006862875801538632
ck_098167eaf124c279,0.0326533632449197
ck_33ecff7914349ebc,0.006049088834303197
ck_e05d44e46c7174e6,0.005665509107457137
ck_1b2ce474fa6582b4,0.028802690677574596
ck_ab581082e8f72e3d,0.004651051863804418
ck_e63256667aa19070,0.047582187607044225
ck_f568772b6cb3febe,0.023095431234373357
ck_dd89a282375bbab6,0.1743019130078519
ck_a39d0bca345b492d,0.006073105641816041
ck_d12d2924d0f7a64a,0.012672795350269906
ck_6a548da1728b5823,0.9786687793398707
ck_6d64193681d2a94f,0.05038323242680185
ck_ced6b6dcdc7c201a,0.009546545864189192
ck_d1b0699d26282871,0.050194210054873324
ck_58f757e40a9b8877,0.009839705022371583
ck_3272c2c4a37d5220,0.2814230194567167
ck_d94dfde9e03c9d1a,0.015716679767547186
ck_08a6d4903a7fbaca,0.017529783583027633
ck_6c72a36b05fa0f4c,0.017874556480700955
ck_dbb4bd4eda97255d,0.016354061037037303
ck_94b59bbc824b307a,0.004802708162325322
ck_0229a07185f15469,0.008014596531061482
ck_11bf1039f8b3025b,0.005177385748921281
ck_36789ca11459131e,0.06320377397826242
ck_8572c5f5c1447c62,0.022601548973001696
ck_9e75c6641939f4fc,0.043642166971933294
ck_b45e47c39d4dc7bf,0.011566446967105489
ck_02903c48b6cfd65d,0.005225787265704565
ck_b153386f1729de81,0.00715876902673345
ck_36979996f33498f7,0.4771853224486116
ck_3c02d4dbbf6716b6,0.013308024935545905
ck_66c9a19963957531,0.10689342440713336
ck_bae8dae7cfd8baba,0.013905650687889425
ck_bba0ccc6cd968680,0.015783657415929683
ck_3267fe3aac05c71e,0.0070655690922411885
ck_40052cac10562cde,0.039049587945410684
ck_d973444855403e2a,0.007039415035213406
ck_012519bb095ad36b,0.9745157551727258
ck_ad7c256ea10c4a00,0.127718220488911
ck_70a60e095e9b706f,0.002823645183969882
ck_f2734417c0db4ee3,0.007082675561550893
ck_9cb89cc3178e0172,0.009209920760168114
ck_779cc0f2de4d5488,0.0635601500612591
ck_35f8656bf93e3b3d,0.015958642804627134
ck_bdd8eba728800e29,0.036520876076622445
ck_002cf760d173f0f8,0.011227556939082652
ck_b046067c6ca3831e,0.0038538140554443983
ck_a4a42d4bff8af645,0.006609439425807206
ck_bce253d2396681a1,0.00973647429666262
ck_00dafc060c8de32a,0.012759372534728053
ck_968a99e097ee78c9,0.011721117735899364
ck_66949171b387bb93,0.016748069227210644
ck_ad305286702b1958,0.005464681577977152
ck_4732da7e0d2dfc7c,0.005120815475829806
ck_17a95bba77217d85,0.02362139649958253
ck_3e2516a3e35067e0,0.006210480483707918
ck_0b615ed566da1f58,0.018547127819769586
ck_d2b3ce1ebabe9f93,0.023623450938828398
ck_a892252e4e0c2828,0.007553468496655006
ck_cf606fd6ebfdf9bc,0.0045365776890603495
ck_718865237134ebe8,0.002328494488916972
ck_878522cb775b904c,0.04983509799137711
ck_9ed53de6ef779ae0,0.0035377703945201552
ck_3f16e2cd7e6874cc,0.012209994124489226
ck_3c59df37895ead2d,0.005722809538581511
ck_6821459b626d492c,0.0038027054233006536
ck_11c7667920541587,0.0049513012299477535
ck_23a016cf6b98d89c,0.03055885310892258
ck_7137eeb394d200f1,0.03701681946832782
ck_9c4886c5c90ddbdc,0.007439292553364368
ck_1422a7bf7756294d,0.8097717561039165
ck_7ebc5fa7f0d3b8f2,0.021027654216783872
ck_fcc2059a8d5c41fa,0.10420133989412295
ck_00ff7389d6a83e29,0.1385070598820837
ck_03129b41457795d2,0.011659758968928007
ck_38ba64efa7c38250,0.02837828530022869
ck_57a6b56b09bff24e,0.007502886794953682
ck_e3b3c5a80a567418,0.007172540324829256
ck_fc40a16adfced018,0.004165648974563972
ck_9d4b5e6b43bad4d8,0.05613468570300941
ck_61129937ee466b49,0.01788546967410094
ck_74112e47b8629c2a,0.06571371088763922
ck_b4703ee97f94d7fb,0.03236156368424648
ck_e560f720a988d8a2,0.3457530452617301
ck_708fea345f68037e,0.010335215820756177
ck_25394c1b83e0b803,0.18276526559464057
ck_17ab24fe914ae44b,0.0027487387231361683
ck_16c501470d9bb006,0.003844489154232597
ck_628f449e248c19b7,0.03965842555796133
ck_6d64190623dea714,0.006273898876882111
ck_504a45ee08db72b6,0.007913509728017529
ck_6cbb011e0c70bc7c,0.006421263719440362
ck_b3225a98acd04f83,0.005314735975606843
ck_aa37993f1c17cd1e,0.03764624731967669
ck_558cfe5f77a55a9d,0.004561181205135828
ck_0d0a1a021efea5b6,0.01980142721684056
ck_daf7aea023b7a8f6,0.04574440833005907
ck_d75f25184ece2b51,0.003464039809466132
ck_466d4b5366c50b98,0.009213293864639727
ck_88f27ab479063852,0.09954587445505231
ck_66779098e78c1760,0.0027542654358941408
ck_b150fe4efb449b05,0.00807371319017694
ck_9c3aa9f23d01fa1c,0.0045076319851479335
ck_6a01c375fc26705a,0.0028058877635290004
ck_002eb6552b504ea1,0.005980746186173749
ck_affa5aa0bff9bb0c,0.008930584638181699
ck_027614eeba8b1a4b,0.01312792937116255
ck_67e075c982add719,0.009792930037441333
ck_399b0d510be98bd2,0.013639739843712135
ck_e9b0bca7368555ef,0.0024141125089077397
ck_59c29d9c57b4f994,0.13975849864305182
ck_37176850ed68831e,0.006736535223449823
ck_a0db4ccca08030c3,0.8026196143937417
ck_aa188e5c25f7f42a,0.015133610091714217
ck_7de6997178207800,0.004566238406334053
ck_c729d19053387be9,0.038668058504684834
ck_f2d3e3d90608596d,0.2599926808881979
ck_2db3fb565e0211ee,0.002701352803078016
ck_bed8a480e27e911e,0.010113096344579122
ck_d7ad9921a4d25926,0.02147037046221495
ck_2a59f23fc5194699,0.07805263021988144
ck_63601a58a6120d8a,0.024003742014587253
ck_efd7b9e22c6317d6,0.010916921747649874
ck_9ab42875a0f95b43,0.03500977799027377
ck_85cb5033fca7c846,0.028043714846956305
ck_5249b223000915ec,0.04846240698233734
ck_3efb0e9bf25612c7,0.0037688636021280674
ck_678e74532ac19700,0.007456267012542806
ck_a980b296c95153f9,0.015011125651548685
ck_01ac687ce0d696a7,0.01587717103184411
ck_52e1418cf1aa9871,0.011645959126608985
ck_7d28da4f1dab09ee,0.04530550941879174
ck_010d0c2e6c1657fd,0.04223265486761113
ck_b524f7a2e752b9d0,0.014125616083180357
ck_cc447fcc24a0772b,0.17270774961685373
ck_2cb3c99845e572da,0.003627464833922988
ck_604c710141327a81,0.004750495201998411
ck_8d5fa65717d2e0c6,0.021325236840785338
ck_31199510b40602a1,0.00963189981941434
ck_49e253ea12f4e922,0.019957256729474796
ck_780738e0d71e7e43,0.017845635858295357
ck_2cd21137a07fdd7d,0.010635043999358532
ck_5e021f2a3b66e256,0.02039336246293773
ck_efbc79246e32c66a,0.01465649382128379
ck_9951bd806c13c7fd,0.021452757588966264
ck_7a52674e2806d8f5,0.024899361203855216
ck_1a319e509f1efa1a,0.00388172345139062
ck_c920901b9a4ba993,0.8831815517300489
ck_b71279e807d0b3a7,0.005220989649197864
ck_47e1032f490bb018,0.012040393330567334
ck_192579ecdca7ff83,0.012603136437422101
ck_b1496c474c4a3239,0.004325149717126922
ck_5e68ea2c5e893cf0,0.05985053856832307
ck_f2ecab85d4693b4e,0.0020839077748537062
ck_89d7bfc81c3df597,0.009432126514898978
ck_7929284327667791,0.046773601484531
ck_494ec63c5ce8e150,0.011837980947166316
ck_319b059bb2145586,0.04034372263435805
ck_ccb3767c239018c1,0.005412466042952794
ck_a1c7adfe26e09a8c,0.02138119034839564
ck_0e13c4f73818149b,0.008920984095227817
ck_c285a51ed6214f52,0.08707900561244945
ck_916784595f028226,0.089277609410988
ck_6cd8e0196365c474,0.05389678541782264
ck_57b657aba4daffde,0.02128321722449679
ck_562c76a3753fc7da,0.1829322310398829
ck_66cfc1ebc9a513c8,0.0027229403954801344
ck_0f38d4aed68d7d24,0.008164259574421948
ck_d8ddf5e99f7859e4,0.008202687462327699
ck_41bc3efa0fca700e,0.03602740889069849
ck_40799e129fcf42c5,0.11523409065520014
ck_786f079389126e44,0.019944100995726865
ck_bb4c6b713eb0b978,0.05790661543096386
ck_4f01f7eac0efaba5,0.009535997059310063
ck_47d29c01b20cf69f,0.03168334929713352
ck_bf15a1f8d67a30d3,0.019132356531392263
ck_bfecad7586f65e4d,0.02011027102542515
ck_fc9f16df35190eb4,0.12350911046525836
ck_c09c914e416edd08,0.015038543559245846
ck_c54c5d8e4433b0f2,0.008216748354829068
ck_1694c28f44480e98,0.013886553331660965
ck_1dcaa3078dbb7571,0.0028039334739181476
ck_af559f990c640e41,0.01357321142533405
ck_9b436162039a77d0,0.023934173837797904
ck_79d62ef181bd0cd8,0.0056956629357677495
ck_23caafc2cd34242c,0.011985426310866599
ck_ffe2aa26f597e552,0.011374016637479284
ck_e6ffd0754ac08661,0.0040943846162797585
ck_beaacb4a783db21f,0.005291242605473087
ck_9863bff41d24ce9b,0.005563958849948299
ck_323b9cc5c49f8ea0,0.04483562508579166
ck_ab3de3d3e41c2082,0.026462768535975758
ck_35c93b2924900376,0.006496821552515243
ck_5a9d5f9901e37e31,0.013757811280278377
ck_782b0be796164335,0.005443339779963498
ck_11960b5f1c7a5e2c,0.005843257155341383
ck_9a66cb13a9884cc2,0.010686320554125236
ck_ba666a425930615a,0.004531474923343906
ck_40140bef4db73741,0.01594011199850078
ck_e05e91cc180063d4,0.09985071425705283
ck_c7f6f45710bc050f,0.010489459068833832
ck_055fb9f2e1c8c934,0.023090073312604303
ck_58bb02d98e2b9cd5,0.027200970009878228
ck_d9f8efa6a7800f76,0.0047762141269529065
ck_69691226c68fd50b,0.3794782614529673
ck_6f2f0396e5b1c538,0.9411242652142423
ck_78bc3f1d0f35ea6c,0.008772756254443572
ck_2d5a6b6636a2596b,0.005112751445506005
ck_7878545739af0a73,0.0064439765784191074
ck_03c4fa4f3ed3512e,0.003932979483692881
ck_1a9e51d092d62c84,0.19348177991869608
ck_9f3861940d8d873c,0.037630051998345675
ck_4684fdd61c6a0fac,0.019655692700115912
ck_715966f86d5c913d,0.005195864570773221
ck_77f293d44b4a3d2e,0.031810013844800915
ck_24dae044dc05f849,0.03093316212570199
ck_00b9818e2064405e,0.06401915334404994
ck_c1c2cb49c3c1b0f5,0.12805801016393303
ck_bed50fc64fbbf8ec,0.005702548673184881
ck_4f6ed5ea5ab7c429,0.008240513256206658
ck_458531c22ec2f9b3,0.01992996811168731
ck_51c50c4c443df31a,0.6037695646102815
ck_732d45bd578dc39d,0.01147828089663526
ck_783fe5bc20cd02db,0.03831550311163456
ck_7f188aaa63d1d442,0.00768284699510476
ck_ef307a6aee38d1fe,0.8116134409308473
ck_e37196b20968b73c,0.013967142244045015
ck_4ef9de711c3d93b1,0.10253598717526695
ck_17946516d5df71d7,0.007538918164125858
ck_3534be0f4efd313c,0.06371561916000588
ck_29fbabf855cabdff,0.0034479564641405106
ck_191673540d8486af,0.03727188990085378
ck_5f52728d777ff2c5,0.010821549840984964
ck_a045a19369016818,0.9628817638072512
ck_4eadbe7298b15e96,0.0072959349472467875
ck_a3a0bd59729fe619,0.012685021504337998
ck_a1e77090b1c6ccf4,0.009205156860323494
ck_69ab9d4784eb77bd,0.010359347319095496
ck_baa47383ffd50f04,0.014416668132195276
ck_e35b2ed08b9e55a7,0.007661652759196144
ck_b6e3af0a5119d9a0,0.04295294131500879
ck_a7c1dabf3869772f,0.07713334564184067
ck_80b8fca67a14e0be,0.5563004311659004
ck_dd9c5f0c42878e67,0.004876370042181875
ck_41ef7967faf5ce82,0.0038736246005374162
ck_a93560aa348d6225,0.0350201417601895
ck_ffe91d6f0bd93fc6,0.04779417698684774
ck_fbf630c960194033,0.014740177893209467
ck_497ed60723283c0b,0.01742085352291917
ck_2a46b7ca55239413,0.0075450334244141146
ck_1a4e5ace078dd782,0.012909640673571003
ck_616cc31910f5de50,0.005460749039830169
ck_0d65bc749eb42710,0.015323198498224208
ck_2408db62e4395ccd,0.04624612376797944
ck_5d7721930106dce8,0.009067415237962237
ck_e8a6acea22b20312,0.28767520886063686
ck_e2f792fae128b18e,0.11939482863364591
ck_e6d3ce445b86003f,0.005510663714065338
ck_263334d722ecbc97,0.3005823319855632
ck_8c5b29f6666d4874,0.02365588081972433
ck_7ea0bf310fc20c7b,0.7141422634920968
ck_54d463f7fd89ec3d,0.055037307581362015
ck_79e45040dbdd6447,0.018965100041913426
ck_60b4d59953505682,0.7660445482608044
ck_fb00dd5021642507,0.014825926304738932
ck_f409ff994a210601,0.022754188818835647
ck_2ca0020038bfec58,0.0916479468045228
ck_adf84b9df54c3d80,0.010979917688718916
ck_942dbf632591b65d,0.01618611185979929
ck_454a7e4d859a3409,0.0013454961193900775
ck_2139062d4569aa07,0.005551045696145967
ck_e949a0f4df0b3902,0.07458150152860617
ck_bb113e3e6716ed65,0.00996751793426897
ck_6a28ea6ce69cb869,0.03555955871016048
ck_7df9910af2bba21b,0.009667182118744929
ck_78aa4b731cbfe251,0.006242343347391665
ck_5839f5cbd8165b1e,0.048854825620252056
ck_7158ad9e58769ffa,0.12165972933211837
ck_acee218cbe61df69,0.03812232983035374
ck_f8dc8473c2772729,0.05895586847952552
ck_f34c93a8173555b1,0.058032862196096845
ck_7cf301d075e4e709,0.023499402979886327
ck_b87e88ee5512ea17,0.05928207476111013
ck_bed0c020b10afa3b,0.010050401140141208
ck_ca10102961f99eb4,0.00673665570979938
ck_393287947b5c8d79,0.007787245231028833
ck_2fe6cac002142f67,0.048698861919738407
ck_79c7f0d29b1db1cd,0.0189521294765703
ck_c735b643d3cbf67b,0.00813762667479182
ck_ea4332c8fe48e2a3,0.009581968456616735
ck_d39864119cdd460f,0.004831817150422337
ck_3b963d6be2773861,0.005185576206948597
ck_df39e3b8a9fd0bfd,0.7225232308644625
ck_6236a461dc0d11a3,0.004371545973798456
ck_475ebccca25e30d1,0.005204567764766137
ck_c10c8bcf5bcd516e,0.07143703349625487
ck_49ccc3716a564256,0.01920513892171863
ck_4e4f99102f6938cf,0.004595772793768345
ck_a97b481ade6f7972,0.0724375743954759
ck_3fa559c679751b3a,0.05214558578567192
ck_3eba1fd2c7acc4c0,0.24571225887284145
ck_18c179b4afc4fccc,0.008192107176436704
ck_cc1c0b93d05b7d20,0.05454017637977738
ck_742f7c28ddd019e8,0.027145265036607344
ck_04470bc93b8a0d71,0.010640575219978873
ck_6e8f8ef7a03cc6bf,0.017073756216802197
ck_eb1ddfc353b4da83,0.003628372551052478
ck_98831b57c7ca2e4f,0.003565689039537318
ck_a6c7b8d6e8596d4f,0.02729768731837698
ck_cd7d24e3b095e96e,0.09018411716555114
ck_3f5ae4673a9f858e,0.018891348045342513
ck_05f375fc8ae0afb0,0.00985933325328888
ck_1fc98436281ee39e,0.0038757051453698235
ck_6c48c58678f64bae,0.002642765991418369
ck_8c95aeec6a4c75b0,0.007809033667647946
ck_364cde38958b7af3,0.28582260327367465
ck_85bf21aa1a00452f,0.008801898853163508
ck_796d3eaabc667c23,0.9890010441906889
ck_ac449ee0c315edde,0.0029571573650038437
ck_6f9fd15ac6b163de,0.004402884382179873
ck_4087065be2a45ad7,0.28088636708956355
ck_ecf006bbc78ee3eb,0.11635578328739314
ck_8ca808cc5a49cb5c,0.009309224357286894
ck_94b90ab8b2dfb50f,0.016526110836794866
ck_59fd11b3232de9dc,0.7760064964895479
ck_67f3794d93e2dd67,0.09162682049770592
ck_b7f5acf5df1bb13e,0.02087216750992883
ck_fb04ecbaebb774bd,0.007183001976509431
ck_68ef3e7301c621b7,0.014097150019108327
ck_41406cfa209b6bda,0.004552597581144826
ck_b0f8f5408662337b,0.006610232914200207
ck_0d2901bfe585c391,0.07658789772677259
ck_3398551e81dbf3db,0.04037691057420394
ck_61c3e3e277629646,0.004673772852880855
ck_2825e34dd3e7ea2a,0.009519211806038498
ck_20d7571ba830009d,0.02542484677548661
ck_c98b16f9a72a6568,0.0016938822884945634
ck_e7c8a9e4641eb9ed,0.0022990200161660335
ck_254a7c97c36dab8d,0.0191000750516228
ck_e98429675b46272b,0.0042780804714644795
ck_c2fc0ac460786d02,0.0962460177264197
ck_fba15647b3a140d9,0.0065046876327688645
ck_15ce50f2704227be,0.013442247876565575
ck_8c748aaa4a4554f9,0.01677410280047725
ck_e00e82a9419ff086,0.037464222099854595
ck_832341c98254bd84,0.012852799322904588
ck_27466468d06db4eb,0.04371127312327699
ck_9d7b9e3ff1f3e71e,0.008586257339201566
ck_42c6973d3a6fe983,0.003111085330783274
ck_877c85bad118bc62,0.047692647277092715
ck_75d2a2715259c4d7,0.03792621002753773
ck_37d3e5c681a2214d,0.34415976459256603
ck_bf285dd49f372de4,0.011721489442542926
ck_a5bdd026fa9c50fd,0.006002062576147119
ck_88d9244a9cf7a77e,0.6996170994476648
ck_5881b174e49b04ee,0.004077973727056168
ck_5b16d67c5ea89930,0.01518784691413707
ck_b75b936aafac56b9,0.004976607214027027
ck_aed2681e1646a0df,0.08109439830043697
ck_f63cb5e8cc702bad,0.005256035183358783
ck_1805fcfc4a9e4ffa,0.9049287029557208
ck_25c355da356c730d,0.021622761019004743
ck_70396398e4a96449,0.013788960255436217
ck_0f743bd13373748e,0.023441800507843627
ck_4b387765f0e916cd,0.002833174565681025
ck_e971faae8a10a260,0.004332398704963048
ck_9eb08369e983abfa,0.0024648350676102254
ck_c30c5844512e429f,0.015782989064344746
ck_59e77e3a81f1fa0d,0.016068634908977374
ck_ca4465f2b5c1a52e,0.9844308158718671
ck_c89b9ca398402f1e,0.012275899308855268
ck_36e72ef9273e7a95,0.011993673517867046
ck_2bdd8616870e5e1c,0.0039088037916546504
ck_216e87a41de22b5d,0.08230221299629754
ck_60f4fb44f5efe3a0,0.0030013996877484538
ck_05652e8ace6ce6cb,0.014618894094747469
ck_8c136dc691e65695,0.00252819234523308
ck_a08f8dfadbdca112,0.03753712721827712
ck_bda4041a3e90d860,0.007330563343111155
ck_15dd3ecaa8ce0245,0.5755843699778006
ck_3e3c64b3b7876ce6,0.025793935981996485
ck_46225858a38b2e57,0.005640338567592773
ck_0cb9f54928f4feee,0.01880688582975151
ck_152671fbf8a9a78e,0.045964091551013914
ck_ee7a515e87d17d4e,0.010514920136676785
ck_f7276091bf513d22,0.002500265180401526
ck_4f05daf1cf0d5755,0.009111168517985106
ck_83a69c4a5d55ef19,0.020436165306079317
ck_c50fed2a7c9198c0,0.00872032092654633
ck_70d19d5650ddc8f5,0.01726132129168551
ck_4b4d99e443618904,0.020462223673074247
ck_dca0b6ca93311ca2,0.035119567702442206
ck_b7431d4706461ec6,0.007415956418063468
ck_7b59d22cadef3b05,0.14629635799875088
ck_53428573abcd606f,0.03375551162401979
ck_f538ab6aecf2adfd,0.003308138139356797
ck_d321249fb065d2fa,0.04771103056612893
ck_72fdfc7e6d8e1436,0.0027812814112843265
ck_b52b99dad89ecdfb,0.014801001534791315
ck_d2d4282f9d256b3e,0.00952960316064351
ck_c8f2a1dd8a6141a4,0.002807119889053094
ck_8d38747058d0aeea,0.509657798472095
ck_3ac528caac74f563,0.012547101854714091
ck_8dbaaa00ad829ca9,0.036149594024605124
ck_7c38ec898f0fc21d,0.0045582640245885086
ck_8171ef803f5ff604,0.019914058291540516
ck_01a750db6fc1168a,0.07690731549484352
ck_ceb017baa26e98c8,0.028045804405785173
ck_e2c66c72cc0b0f78,0.2510964171112433
ck_8d9518f64b222416,0.003816200449241263
ck_804c5a1fa5753617,0.005567657148385843
ck_fca7cc9c42695453,0.004060704410158463
ck_3a632cdf2c19051b,0.09480182722545198
ck_b2b63ea65edf1dde,0.0344159184513038
ck_27b07021500ee841,0.007298991937898916
ck_9724718fe64c6557,0.9367125248063329
ck_2786cbc3e75ec034,0.3612496219754466
ck_d9c2622cb6df380b,0.017373446398583632
ck_ae1da8ee98e402a4,0.009373929387458063
ck_62967b91504149f9,0.003224944104354347
ck_6b255bf68709109a,0.006285317637663106
ck_c55afc68421d85e2,0.015621246130032539
ck_7c7266f6ef2a8466,0.015833403945274285
ck_885cf685a9541190,0.6977560897611932
ck_1a4bb7d3d2ee3227,0.016909694581039126
ck_b4911c42f3bff740,0.002954245695937937
ck_66f9f78d4c6a3edb,0.00962495596939226
ck_49bdba9ee1899dfe,0.017336247668308716
ck_79b235d51718435d,0.017189079000910126
ck_d840db8cfe2ef6f1,0.0025265432638514446
ck_610c7bcc1cd7ecb0,0.019569343691369697
ck_cf49b6544aff6c50,0.3931306102720706
ck_de05f97c3d40dd1b,0.06859635063855807
ck_0302f67d75973dce,0.010419510541247507
ck_54c2604c9ca6256b,0.011666633821535807
ck_a1c88c0568f142d0,0.11515168259099003
ck_5d72ff6cc2963d1a,0.0032225929838782096
ck_0446920a1004c596,0.0034657858891091104
ck_71044c29ef071570,0.011126898152124191
ck_2122e9bb1afffef7,0.01099433369405762
ck_d1e3de178601d3c2,0.012747926207023886
ck_bec8324a3587ef04,0.002588526821590959
ck_b616b6f45225f319,0.1658302679570869
ck_ce1e695884511479,0.031130517561988896
ck_a662b4bf900781e4,0.002127690071101429
ck_b5a84c5547378c10,0.0043567076477675
ck_f80af368cfc6cb7e,0.02585916412935663
ck_da3526ab6c5c884a,0.016724443778060868
ck_bd20be9a3392d79b,0.009430712326406571
ck_b8266dcd90cbfa62,0.0034766531625651342
ck_ac84b33304362c06,0.016033130225184915
ck_794d8935a895e33f,0.018100318323002424
ck_8fea7d915259f1be,0.005961879204022721
ck_7a1519ad5ff45312,0.0024764109851653786
ck_9bf3ce30b65f75c7,0.026947754878875185
ck_5f864d72d1eead99,0.028719938644333778
ck_3c48e0cfc2a58041,0.5317911640711793
ck_d902183f80cc81fa,0.02487901370567419
ck_539cb0d117db8cd3,0.2260758661778887
ck_28f530aec8e77130,0.04586265627650201
ck_e7d903c50d353361,0.015165955997191144
ck_d288b77d1e227970,0.031933581515812395
ck_017208fcc01b5d40,0.005964988885917764
ck_7e3923d278a5106e,0.01469505538082874
ck_9700a00ff9e66216,0.03222445373368635
ck_5c36c78b7a4d138c,0.02166865438553962
ck_c457e9c9224b773d,0.02723949834069622
ck_1dfa91405d7e66bc,0.03137006051991557
ck_f1d8a2695a575e56,0.027709834371184693
ck_3b92a46daf8d00d2,0.007770958572421019
ck_aab23b5470469649,0.009387900702434648
ck_ecdd01a391610d99,0.00770838693071562
ck_abd3aa292f8edb4d,0.06643891195936737
ck_7fc9a0776e1339e3,0.0037275558407057
ck_c0389ebeb0e65cb8,0.003569363106877103
ck_48d0fc4f6a2109fa,0.9247849381493854
ck_571dee4f3336c7ce,0.020515896670473193
ck_4cedf26628c84f26,0.029538221161439376
ck_63356762d24aab81,0.033404274697747906
ck_2c5bc11bb7ae5d2c,0.8750581357293471
ck_6d26a152f900fee8,0.007394909595343763
ck_c972b0e781efed3b,0.005730520011042768
ck_fa0ecbcf9a33d6ce,0.0058911213757429385
ck_fa3a766e49dc77ae,0.00751387254541176
ck_7baf1e55db0dc558,0.02561731612118168
ck_e8bc49e6494c1f37,0.003974214346915159
ck_8ef1d05cc1e53e7e,0.0962122745171096
ck_cef2a485a77e0723,0.004705563033021324
ck_228a583f23abff48,0.014871673093681313
ck_ac32c6e374782b27,0.11544911185992897
ck_b9485218cef413f0,0.003968695971254513
ck_7f15503048915d6f,0.004149940963264602
ck_b62f5144db15ad34,0.1751695376547403
ck_917d82c552f95a23,0.006146830164669853
ck_fb4797045077bc6d,0.003925679558958023
ck_2cf8a44e041217de,0.017253144774652916
ck_b7dd681eb3d2ee38,0.010815792785576957
ck_e9e8cacd2fa35e79,0.01577909433452642
ck_342a79f91de5d1fa,0.018161824804055073
ck_2c91f62c05685ed7,0.07221740918922605
ck_e30cb64302939f38,0.02430716793481387
ck_d0e95b90ba86da10,0.009009267101394899
ck_1774faf414a5d49d,0.9394297613226473
ck_2401e8ff89e574fd,0.5859627813234737
ck_0cd8802264e0a1ef,0.025037627186480876
ck_da84a0dfe947fd3c,0.005523712390676348
ck_c8affb27ba7fb5db,0.07519714693929867
ck_bc7ece8787ca7200,0.01574257874354161
ck_469a0578d05990c2,0.005819206324594852
ck_eef67f8dea702338,0.049550267650673885
ck_4f490e379e9ded9a,0.013079882135592531
ck_354379de065a8ff8,0.004922532728099913
ck_5db1cb368bc41ac3,0.016785029523731006
ck_9b1c3742dd6fcb8b,0.01876326109885842
ck_63ce4f44c92d7143,0.04005214136823402
ck_e15e3390f5ed45f3,0.02405380646343991
ck_da645ea91d66aa6f,0.3333264425244491
ck_834ca727df855f07,0.09293108098017076
ck_e1d5ad20c737c745,0.10614824452671501
ck_ff8059ae5fa5f1ee,0.002078757293674774
ck_8bb9e75393954a1f,0.0035379450158292774
ck_4e1757d1347ab387,0.981584833338506
ck_af3f74b1d75a5d95,0.02278213005280731
ck_6b1ab0742ff04c3e,0.02931060522045552
ck_f56073911c9f1ab7,0.006839670829190782
ck_51bd5f69b4fe0b92,0.7783695373086624
ck_fc3d95030b81f416,0.0017840160779658304
ck_cf78169633a1600f,0.009645512911201718
ck_ad7269eaa65c67f9,0.01140138003259398
ck_cc6d33890d47a6cf,0.01620874164267071
ck_bc8f31f4a2ffa1ae,0.010578952704601822
ck_720776a46e56dfa8,0.013928800037994127
ck_e2d1f212f259539b,0.017981124274378684
ck_eaf6f7082c3db2bf,0.027627641511534382
ck_773efe58c6278c3c,0.019402346538858525
ck_c4a72c09f2fdacc4,0.023344036196570207
ck_8982888dd6611143,0.0038575228090082813
ck_9d5049e195eda029,0.013551395435602525
ck_de58ef6f9fe2b546,0.016387011866349725
ck_c0b50c11e4f5adf7,0.017691236115662534
ck_ddaf228487858bb8,0.01883564129969521
ck_eb2323215ff70362,0.03852787480832203
ck_168c96a1a636ea15,0.011973537225311035
ck_9c46711b14d9eebc,0.00297745435763701
ck_de8af660806b97b5,0.0028337214469232944
ck_6ab83f45bf16eaa6,0.007244083360024772
ck_bf2228a052815840,0.04548295575353122
ck_3f943f20a9da9bff,0.038619957275788146
ck_3baae40454c00938,0.009771248480193314
ck_bc2e771a1d8d2dee,0.04848827582894249
ck_e55f5ca37f30ce8c,0.02007157441887066
ck_4ad5937bef176d89,0.005312536260141012
ck_126531a9126c17c4,0.0034808959117292814
ck_7ec423cb56257516,0.017431992696255106
ck_54748ae0f2daaf10,0.046659877861235384
ck_ff24776280ceeeed,0.010592111174436902
ck_3c3a1a1365741bba,0.011234011778724233
ck_615277c8a4e2b18b,0.008376272357380057
ck_a96aaef34173aee6,0.0510842102432828
ck_bea56db7f3e930e8,0.02714571040293666
ck_ca491debd3b32a59,0.023538554420750164
ck_d9ea77f4114a389c,0.0030592511233438605
ck_322ffda3332d08a2,0.04182420121787298
ck_c40ffefe4e30b001,0.047395313127683185
ck_3b1d7648d4580bef,0.005657544685968213
ck_23981a3261674131,0.01061880121004511
ck_11667f5b9fac7bc7,0.0018543920243144503
ck_646bb3c7be5f0817,0.019560216681253087
ck_ebd0a45712dcf07a,0.017678906450612177
ck_baf43bf1bd963f9f,0.029720496274154153
ck_e0ca2c819658f6b6,0.9771648119795985
ck_f0d6633d0834fff5,0.02716915930551247
ck_91081be0254878a5,0.02002183016540576
ck_1325000bc7f35b5e,0.004254767492951203
ck_c624b9063400fa3a,0.036912483882098196
ck_0ad6fa0e23c3bd0a,0.1708943179921358
ck_6ddb55b1f23c6cb1,0.015846453617342177
ck_dce1fb3acd65562f,0.0045337876389725095
ck_a9aa389688ee5aea,0.013227142832682578
ck_5c5284c45d9ad8bf,0.05723885956332921
ck_9ce743dd3e92549c,0.027181369797183035
ck_8342e08cc2f9bcb7,0.009563209131246872
ck_25e551a0a8d2fcc2,0.05016707191911269
ck_d4fd0e438c97e0c7,0.051751828499073414
ck_ac7fe1c344190c50,0.01191703352101913
ck_ddd65711b5651f89,0.0032045631194540063
ck_ec7406cb5cbc8f10,0.01094993678091616
ck_1c65e8d5be3b9c60,0.4644249390088031
ck_38ee42f15a573e81,0.027264692626464356
ck_0e5385c70c6de025,0.015949584453307946
ck_d3137f0f7629040b,0.008822224507064356
ck_9129c92c12e0c8b4,0.004561459648515007
ck_c86520a00e50a926,0.026703709654459788
ck_87f82b2b5fee757a,0.018167993364243976
ck_643abfbd7548d0c9,0.025938299372294374
ck_be51f4e5e6b85768,0.05100240980326141
ck_132c16312f37810f,0.011345947183476271
ck_c78c096ca8cb33ac,0.002126208156396981
ck_2ce5afbc014763b8,0.028148482977015468
ck_50ed8f4e7ae6710f,0.007270047684567303
ck_5a4eb535c9a11993,0.004379182629727983
ck_9b665ef46d785324,0.007026391806050379
ck_e066f71f8b296b7a,0.009222521836726115
ck_560bc6017870ab06,0.005316703362115457
ck_fd78f8a8663646d7,0.009821006533507938
ck_4af5ec61ddbde1a4,0.02927896139410049
ck_c2ed04a9d218410b,0.012106947983592617
ck_2455d43bbdd2bb69,0.014323722421189422
ck_56eed7041add49a1,0.2741614888059896
ck_5f0be7b468a72333,0.004677778878342952
ck_19660cec756632ca,0.0075476955192525326
ck_fb90408f4892a21f,0.014237421484038393
ck_833a65b86a5d9bda,0.0069748445978350835
ck_2ac36e1dff211d38,0.01847945533180395
ck_c00e70606904539a,0.006982520067929769
ck_ba8affe4b9505a95,0.5799333482145329
ck_0c3dd22587b08018,0.009027582777023133
ck_618c4e5cfae99dcd,0.08922110582052802
ck_c9690baddfc4177e,0.00288929995705408
ck_59fae092fb0c4aa3,0.020142773116567227
ck_e03b7d0fa0b28f4b,0.005938537921818812
ck_d451d24c780b5884,0.00917801393672838
ck_e980d325b8dbb8dd,0.003750857615066695
ck_cff18e2d8c520272,0.00782981818311266
ck_a0e46b67e986ab56,0.011663566206460299
ck_3a469039a5b9d963,0.00460897169716922
ck_12cbb211ebd2b437,0.04525196429938575
ck_b8cdd6d6dccc4554,0.004075074602832172
ck_794ba5921cef50c9,0.0265002009299878
ck_2c7667f64edec2b5,0.005334699097543667
ck_7262b4e0c29c942d,0.018361050079885265
ck_5d818522cbfe2a54,0.056551562136587026
ck_de39c1947fb675ee,0.04617199193372875
ck_c021495606b4735e,0.007253289520459446
ck_1fc03ba33edd9e67,0.01804922202966353
ck_a6fe344bbf67f14b,0.009887828370331787
ck_963762210edc5694,0.026074957687390165
ck_d064428b7e7dc409,0.011701408148343558
ck_59be61b53d971611,0.006715119495114924
ck_ec8738ec663cd2eb,0.006730581940967469
ck_59d086fab5998646,0.015263928824545173
ck_bd32dd3b2cbb7888,0.9698795390716506
ck_ce0166addb93bbad,0.0018695801897755538
ck_7c0fdfbb447cdc04,0.01699693980515928
ck_cb1bd7635968ed8c,0.1624020489456701
ck_66f94903177f20eb,0.007279943128436811
ck_1d7cd5dcbcdafd7b,0.39361015492958024
ck_5e418a7c04437b4a,0.03424272226952458
ck_631ea1ae91ab333e,0.020708843508335396
ck_0a8029e79a5ae7ce,0.03616575414224415
ck_c4cca8278bdad9b9,0.007042060409787709
ck_4dec3df58077a257,0.08786655886636065
ck_609c249edd88c565,0.0071245744286410504
ck_02e5f9cbbbf2f078,0.026919658272133898
ck_32e486859130458f,0.6922662209182414
ck_21ed2ea6386c5a07,0.002921467786422776
ck_1242aa4496576a99,0.004793194178626821
ck_475ea9aa6d3898b7,0.07481383741650051
ck_fe1b1adae3be70a6,0.7740281909054217
ck_c5414d7a8031d4f5,0.0076038485211814485
ck_ca1f6f01868e978f,0.028461312298966025
ck_5eff0208c74ec714,0.01067618807814602
ck_a315c9619a317609,0.047433105115434165
ck_2b87683c90acb852,0.024081510268740117
ck_7cd9f39c50748ed0,0.009563602738384466
ck_16a06d58d71935bc,0.10670433009529913
ck_d116e0e7c19b878e,0.5511728648989976
ck_931510e384b1d0cb,0.012600367196206885
ck_e7651fb87bb24132,0.004296334832034685
ck_88ef9f85948e1a01,0.005081177694634797
ck_17bf38d51115a8f3,0.005189899407491494
ck_2659d1d3762a2825,0.005289825845077248
ck_a7285955e2852686,0.02587030561939611
ck_f2c33d5b65b321db,0.037855440792764324
ck_83e5979334345622,0.020320722692968633
ck_629537d8b4d0f395,0.008312972144202452
ck_72022008a92c9386,0.027070391834996595
ck_2973b8274f0bf69b,0.0211052079618973
ck_565e3418d2f4061c,0.010398981526785013
ck_54bb53b8f8ea32ae,0.9727160298023452
ck_af0a6540ea7a36b2,0.0099492605686853
ck_888651bfc2c8cf70,0.007329839756466638
ck_1dedcb48ac381a1c,0.4252308488987397
ck_f73273e220296be8,0.015798814203585355
ck_8424bf65223a5a9e,0.004142620121284179
ck_337b930fd149a696,0.009358889554645403
ck_8a4952de8a123ef8,0.00500247821176408
ck_884168153c9c0c81,0.00956089507780456
ck_fdda581aec411010,0.0049694630915575536
ck_2b7cadbc8b180d32,0.8456238677135214
ck_8aa8b9968233a1ab,0.00679784518072193
ck_0af18b3ce015d294,0.003176703765572457
ck_8dde670a735d1e90,0.14406615011031212
ck_62f46226f244139f,0.025743024166690692
ck_f948e8a8fdd79b4e,0.017730397352228682
ck_fa00aa0f3e859904,0.02470717647095864
ck_fc7935f784a4f249,0.010946060898622323
ck_e7501307c0698e5b,0.012105341612639485
ck_549ed417f2834cee,0.03773552144095571
ck_fb2a35571ec719d4,0.09991490930045795
ck_25822068c86c856f,0.0022299627210180975
ck_8f35d229b62c8f23,0.014972438380195956
ck_bdcf049c1e7d0c95,0.005570578562524094
ck_0aa9db36eb16422a,0.0025353691650467727
ck_42dcf92e9e016922,0.1644526359733283
ck_42341cf31c08c981,0.0036506137945740286
ck_0b20bfc515ba42a2,0.010959168764619097
ck_0ec820b670d48098,0.003184953781702793
ck_1f0bafec397da8e4,0.021647252233148197
ck_82f07504ab59ed33,0.036597201256098104
ck_337b24a474010abb,0.9823343205042668
ck_703703bda38fdcf8,0.024502369039879096
ck_01e7960c63dca3a4,0.9123244472201891
ck_be5bd81e3715cb8f,0.730708381043716
ck_197f8058cea1fbea,0.0022873469913926975
ck_eb3fb1106f2f1b21,0.03448945292030846
ck_658b4b54be09a4bc,0.9704826602115991
ck_266ce7ccf41ccc50,0.016711451800941114
ck_110608c3b03d4038,0.7458905061149549
ck_1be8cb95d6d9bbf8,0.004799567144187761
ck_8e16a64a776afa82,0.08538096360409152
ck_34bd190d37eda534,0.1776941315081242
ck_4f521611ae14ae66,0.0036757478394598836
ck_d839798f9520363e,0.23739948583070034
ck_d1bbfd246c0ac9d5,0.015539930922145074
ck_f19030e6e85a6776,0.05213603343649096
ck_cdabe60ab59f9d5a,0.01538741991211945
ck_bb84b2b30293f566,0.5533462159635406
ck_427b91925952cb40,0.02314126950210831
ck_1078b1e155b5b640,0.013555057085393736
ck_95fdc264eac72fa0,0.003196749808857912
ck_e35eb857c61548b2,0.6006385160500441
ck_69bd0b1abea7e1f0,0.1647017824418655
ck_59de511b20c842ba,0.04001219517311469
ck_168e7ea341a36b80,0.00833882163049715
ck_4937cfa6526ea138,0.034725815270937856
ck_bb1a981306b750ac,0.06558034983603035
ck_f42a43e4c3f34ccd,0.006242152693859388
ck_c7ae1d4b3ab38185,0.004445879036242599
ck_bd23cf9bba1dd33f,0.019412368939166615
ck_0fd826fad7ec7cd6,0.05211023630000411
ck_f143641bf3dd0414,0.11542217648676972
ck_ad6d48c20a3688a7,0.00466322133647479
ck_7bda5b5b927b2905,0.05961901041159734
ck_a337eb38eefdcc88,0.03850976377026951
ck_403da2a2d800df9f,0.2717101686344969
ck_aa01d5aafde73d0a,0.003378418184067361
ck_494954023f0eb309,0.037960960613823425
ck_1c6820fc38135ad9,0.05249762989850279
ck_0e0bab173622db9b,0.14805814973179557
ck_547090bf35a3b243,0.008640906605661735
ck_d69455220b21dc9b,0.0059895175308807115
ck_90b4ac695b9c6bf7,0.038052070314008195
ck_8d2afe17c0082e6a,0.024753446824731528
ck_926b81c0ba528eee,0.009014162652525904
ck_ce36b0c287bd198e,0.05869555828657213
ck_8026e017909aaa6c,0.0046841533989576065
ck_dfba788f35d4c372,0.0044438443248056405
ck_f09f9d0e0886e0c6,0.009076585375591048
ck_4ffe0366df388604,0.015532440295944182
ck_75bb521de55644c7,0.011099101813139986
ck_81a960fddf79ecf1,0.8698060029598772
ck_8f43459991ea511f,0.0032087723161358327
ck_f878b68d66fbfd4b,0.0026337019463122738
ck_e84abfc0c747c9dd,0.8812856010832664
ck_3ad3fd3cceb56b66,0.8963950408289315
ck_7cf562578c7f158a,0.0048849090980450875
ck_f81a97d350397306,0.038276119858956396
ck_255d87b7fb40caa5,0.013934903755152111
ck_b3905153b9eee924,0.014325790252737619
ck_2c80a592fb4cd6a3,0.0027279894904458216
ck_57deb202d4188a29,0.01232888941665522
ck_e3cb5f31d8e94448,0.9761509450468769
ck_0db62d5f7f75f80f,0.02090303271562713
ck_ced9163ea85589ea,0.046550563753091745
ck_e16528edc694fb33,0.8980020265149257
ck_78cc5ec4940fec3b,0.010026062803005642
ck_31742076e9a998f8,0.03235827632213518
ck_5ac335f02280271e,0.02971655877163119
ck_7cc2e091806cfa5b,0.01699067321314786
ck_3152c7115257f084,0.010209142645930426
ck_ab1b9d019921bca7,0.009962316364683315
ck_c33a762d98f9b290,0.007606725810453646
ck_b16a7c51b6f7a6b1,0.051345668769602976
ck_97402a153348e68f,0.009098228089881375
ck_95391029a21caa24,0.06833276332429551
ck_c2015a1200971fe9,0.015018901719651498
ck_ed4427962c68918c,0.972761018121119
ck_c5e4a17d3efb19a4,0.6367134768188804
ck_8aec3d3dd51517c2,0.007800942412756271
ck_f5178a658225d8e4,0.004478378185661765
ck_8594f165e95316d2,0.0027445149845544436
ck_f0c4aac04076a6dc,0.012464816317456643
ck_ac2f7397801036ef,0.02587568208906245
ck_d1ea4bcc407c7d5e,0.007202870478203023
ck_cce8b6657a538fe0,0.019261523961463647
ck_66d0c6d6b67a8d58,0.02423060013840157
ck_1a6b30320835e57e,0.018002429946001815
ck_8cd274cc85aa35d1,0.02445886982508563
ck_ada46085a78280e4,0.014913775427653118
ck_ce1b06623e4a815e,0.0030550721820519424
ck_45e70c8a9686580c,0.03826180915711945
ck_0084d8ab6b1044f3,0.006151596891158862
ck_a5f7b6fed6df2aba,0.03301144633150113
ck_94940d783e7988e6,0.012432354153831529
ck_00f9ca84d1d8ae7a,0.004313015015605339
ck_0deb56f3f6452818,0.005699048688650613
ck_a58e900469dfc3f0,0.022298326993505608
ck_028c41b195280980,0.014913892215937677
ck_7661d7ceaeb19f97,0.019275007981056982
ck_6957905a65c47879,0.018123354033438555
ck_f7c6c26ef3c4ae06,0.015620411594057684
ck_8777beb11aabd66d,0.006249646505889251
ck_7db098a17374bbf8,0.9313352848435388
ck_66aeb00e44486cda,0.09660950426723043
ck_838c52cc1d315ec3,0.0181608145504065
ck_1745847cd4e5dc83,0.030928352588337853
ck_201687857ec8b3cc,0.0316911811688499
ck_81818169208a8cda,0.030330105448629213
ck_3303fd3f64632c7c,0.08199141171280301
ck_edf1096809e83ef8,0.003977130314404587
ck_235ce9603c7dccbf,0.060111347206039493
ck_9df7e153868bca13,0.006018990160185086
ck_3cfeade2cf270fee,0.011534076480260733
ck_982b0bf2e2b6c4f7,0.003936753773809409
ck_faeb0da678bb86c0,0.006565097086858346
ck_e86ad2fe815b6ed9,0.011447520093335597
ck_70d69e5d1bb99e85,0.03826812122041883
ck_7e9a8924eab779e6,0.9830988443417672
ck_019d5891103e7da3,0.006498788771091544
ck_14f0484b3817eda5,0.05338649281439228
ck_85de63d278f0fbae,0.0032607179860010076
ck_ae91b4cff57fb3bf,0.020214378875294033
ck_2a6d43b9f883b78e,0.4539215028703101
ck_7a4e3d553e8ab5b7,0.2753827538916303
ck_fdf89dc69f700f84,0.17932309349697595
ck_f92e04024bf13558,0.002896121085215348
ck_4a522ca2dc4831a0,0.00225981278203403
ck_68ba25dc3385fea1,0.04348466822113677
ck_22128a4f0d033422,0.018688443501752288
ck_5b52ee0a13c71590,0.009178283789963833
ck_59472d17debedafc,0.00890147324693225
ck_9dde2c63acda3ba3,0.013783568365596327
ck_7510b1023cd08531,0.007814994453021123
ck_071ddaaf2e4e3671,0.011768521763837145
ck_1355db6f4010232a,0.00721674525491067
ck_0a7adc2f27f98510,0.12160790807099553
ck_68250033717cd59e,0.006266220886882036
ck_7c12de74de30b788,0.2724788787712528
ck_65491367584c730c,0.011381058024970922
ck_e9047964952bee70,0.019768432380572933
ck_5567779d6ba184eb,0.010585468517374156
ck_d6ea026357ec6477,0.01094782693096003
ck_cd7dcc884e283746,0.08858843260792948
ck_0bd77fea8ed75a15,0.01413388403215738
ck_e80883208e8d0453,0.0129722121809938
ck_2ad0ecbacd5acf8e,0.8544226053705112
ck_6c1dbee7e8fdd5c8,0.01158084656685139
ck_ee4d9a7449515908,0.003496536293443595
ck_636111f7f030496c,0.004048104422009479
ck_2c629c657f73941f,0.010965033161203291
ck_c1c9d3842d758420,0.03554783735733381
ck_e4df7faacdfe8c40,0.015283360947376694
ck_94e8142728e44380,0.029901186990966205
ck_765aaf42c5088545,0.01739016182335079
ck_e0f845159b6e6a4a,0.011768791192236326
ck_5bc07deb82edbad7,0.006129364887079792
ck_713159c5c6a7a4d0,0.9733826715986139
ck_b08afc91d9ca55db,0.02034449615326533
ck_a7bc323ffed2ea97,0.2198291003950684
ck_85ca825f905a34a1,0.03809191254989257
ck_33160c443d4b3f19,0.027485381121746314
ck_832d39c590a3ca75,0.937933987900494
ck_7d1661a34164406e,0.9678440247028174
ck_c2466fc40fc9d5ed,0.9781094329831265
ck_ed0e776c0926ce67,0.08458459596448475
ck_cdd2ebeec75bfa69,0.06712055310158052
ck_d7877684c7923ec3,0.014505843226716145
ck_7384d4d2406aabf4,0.01293609962420167
ck_b8e5244e650aa81b,0.021950173091125087
ck_25a1ea40b2d59254,0.0032292894404723567
ck_b9e5b318ee4de68d,0.011442602200098595
ck_620d7ae27af83cea,0.011001053142592873
ck_40b4e264d1a12b83,0.7745987930781365
ck_b694c803b62862b3,0.006713443074640155
ck_cbeca201dbade3e5,0.03555939633972291
ck_f9b439c9161c3e52,0.01055908244684791
ck_9880410fcd10a28e,0.002956651792038356
ck_74928f5f91aa12b2,0.03270576644109563
ck_b6673bbe61d2680d,0.020471866337315955
ck_53c8315b5c30acb4,0.0050965228327859895
ck_78f01d78ea79642f,0.01404240992557757
ck_8582490d6e365a63,0.009740926724332003
ck_af25c72d16299258,0.004268556548750879
ck_7905fe8e257b0449,0.07537013494952656
ck_0d16d9349e4a9e08,0.01818327471913927
ck_31b16b8848584e98,0.01759690629022125
ck_67207e3eecc02d76,0.032692240893762235
ck_e6b95ff91116a592,0.004950965305846466
ck_c08f622bcd6de6e7,0.012191490007196734
ck_f9a68da9e0f0bc85,0.007666789950182044
ck_4072b59388976896,0.009061313226784993
ck_8ec86e853ad52828,0.08161201894096577
ck_4fecb87eaffd5cb5,0.013162116662656683
ck_d6880578428b965e,0.23964167565836048
ck_bfc82b3c1c9f2897,0.8272428768265274
ck_c340644176ca03e7,0.016593220293066573
ck_321e740066fb05c3,0.44839729430327474
ck_8929d2eb09872052,0.07196150148705467
ck_205c107cec528414,0.3976689728288345
ck_e76db7d2562f9836,0.014405941223305864
ck_9ede51c8434cff6e,0.012851414650010417
ck_492e4b89c61b7b6c,0.005306304517702279
ck_9385f5a1eeebefcd,0.022358223963829763
ck_ee52c7bf88f952ab,0.011854935272205205
ck_d8116c34302021d7,0.0025640737685681384
ck_01645ea51972e99a,0.052224693028592596
ck_7b45ed23304a854b,0.01039274080906217
ck_2096d32f3d497ea1,0.1540700374069283
ck_dfbb2056f1ef7d3b,0.006255387954858545
ck_938ce30c864bc7df,0.00311983154165681
ck_ff30dda2c881a4bd,0.34052109039119394
ck_f88c79186a082beb,0.035643773376662365
ck_08c7bb0f9851cb76,0.15605926686075078
ck_2675e7a008e584a7,0.0557026483080175
ck_cbaf8a954281d4e3,0.976432741137832
ck_8b24eadf6c72b30c,0.568135392351061
ck_ffc8e3c1377d0706,0.01651367568205227
ck_5b59e859bed5b40e,0.03035929106182585
ck_7b61717f172f9317,0.691734343609002
ck_e5c30947b732f661,0.17013642656405462
ck_bc273f3ce79f7e1a,0.011851575964112952
ck_f69e93388b3028cb,0.21646787350905902
ck_3837ad850996ba60,0.011415029200395228
ck_36d78ff3bc033ee5,0.005467714027609421
ck_5e20953547ba4135,0.10936783042213016
ck_258d661e450ac870,0.004743606942167467
ck_1df66f537496ca59,0.0243732098836329
ck_361f535599110201,0.009201928820458718
ck_337e98c69f6e7886,0.007379505123379984
ck_d3d5b2717cfc3913,0.03131309416401997
ck_b1dba768dbe7affe,0.021534761266016323
ck_92d782bd9ce0d1e3,0.022413804535939285
ck_26bd0f8898afc8ba,0.019738924721268227
ck_7916e53daab36745,0.06919090950509589
ck_2caf553b31831a50,0.01644887529847477
ck_c6200734c7f9b2f9,0.7087226345085575
ck_cdc55623cb16e6a9,0.005704479572110454
ck_57849e15b61c43b4,0.0895517876608427
ck_b7af9b2ee0eebbc6,0.031991815356788335
ck_00aa5fc3b3bc66aa,0.0752978816025978
ck_9929723f65636c7f,0.9852002236776122
ck_8f6cce9f69912983,0.02593655288847858
ck_c422ba389ff00781,0.0032431400286856635
ck_9ec7f334604a228f,0.030473288474610283
ck_5d01200ba3341462,0.012621374368252886
ck_2bf10be403849c9a,0.009399765618375555
ck_6ca018259f70858f,0.010958750843759418
ck_a54dc042ebb7c766,0.36753766560094964
ck_79da63fc100830b5,0.0230845221573804
ck_67ab6f9e05c85085,0.011779519619116113
ck_fa80da579ea9afc0,0.013674945562646456
ck_4339f86c87289222,0.4599258807916546
ck_a2299b4f530be0d6,0.4454565445247865
ck_19db0bf788697c2b,0.008156579295906458
ck_fa4211c4d826d830,0.0036555465455221006
ck_96100d5e8e051e91,0.007566098751239411
ck_5c3a671883d58b3f,0.0015774381755756216
ck_2d9524787cfe1ab3,0.40988293229816114
ck_47ab8e51e5b3a2d8,0.0038976759829719193
ck_c924f36bc1bbbaa3,0.010510337782014436
ck_5c58e7f8fd55e26c,0.004130585166938184
ck_a07e7409d6d5aa06,0.009906140741079464
ck_c8413898f5f7cb7d,0.02449036090728246
ck_577c816b41cab002,0.9050628911956276
ck_9f7807ed64cdb728,0.023077109874180116
ck_495d814d6d6d521e,0.0017070205866419233
ck_7aa8bc018c2b003b,0.012844208378594478
ck_7c3a6a82f3c3241d,0.012145336156104
ck_487f7fbc290e4ae2,0.006997528979189584
ck_e556c4d36aadbe03,0.004183332950344807
ck_7e6569a1b2455cb0,0.0016427152501210438
ck_de2924955926d046,0.026726570919048457
ck_73d60b4630e3937a,0.00595964382917361
ck_805ee564bd35ef15,0.18035779517377057
ck_0d40961e47797027,0.004276281404896017
ck_f06d00a4f9c87d80,0.0034741206749075164
ck_5ef50fb07b6737d5,0.009030405089313319
ck_16541fc15683e21c,0.0070879637939339464
ck_09fd43f1b7e2eca2,0.005210222323457289
ck_2a2c336a69b8d68d,0.05632048308994805
ck_2685f38930866af0,0.06206331176740549
ck_298278a9da874437,0.026858324973640376
ck_00bd7803f2530c68,0.02110986337395636
ck_c2b4a1d8c0b6c1cd,0.0027144601240901996
ck_2acb54ca20c3af6c,0.055351378474758926
ck_e3d4b6f681c783ab,0.025279031824093023
ck_f90293f1eba5d7b6,0.037548553236641774
ck_e69d27e8965df0be,0.0030953808904782827
ck_b7f5d10b427346ad,0.0036904083172531184
ck_1ce20e4223a936b1,0.016008037609652134
ck_6b97d1ab90f6bdeb,0.006024852901853396
ck_e30e17db5473c7b2,0.0035018804855140675
ck_154c8efb19dee665,0.0056033617503247245
ck_6f5bb0c930644cae,0.9868438180164049
ck_9e17699baa83d173,0.004309564252323574
ck_9693b1eb70880205,0.005713652438106718
ck_1e97899875bb427b,0.011088674423994188
ck_558a82590f65df69,0.002324291371187245
ck_18df83242ff3cdbb,0.10154585140312372
ck_80ad4396e1084c68,0.06301835835237586
ck_0a993bc947bab61f,0.009555154901521305
ck_5c2d43ff841632f9,0.007860807939543187
ck_6e4b99fb9725d9fa,0.010368607774350282
ck_e0983999ca26c19e,0.05400868593368749
ck_6573c4947cc8607e,0.017394818836319218
ck_d879d645d6e44207,0.015460963204420301
ck_1375ad9f10688e4a,0.003945276933434928
ck_7501ebbf4e21f160,0.010272530850042788
ck_ca60d61cd4dc3bea,0.0016480083309295577
ck_ab9ea095a5c58b4b,0.009894518217749093
ck_23756522b58df5d8,0.004315765301716113
ck_90bc176c43d85fd5,0.2573852695262025
ck_908b663b2dda94ad,0.06140991165104748
ck_4df2fb8e4b649e27,0.007177612822628662
ck_5615c6bbdef05291,0.14768125157862044
ck_b62f3e3185251f71,0.007362285495123577
ck_38d1a22850178f33,0.0030368087575543667
ck_5b3ba20c8bb1383b,0.008541692189210184
ck_5576ffc6aaf6f22c,0.002467296862179386
ck_cf7a022178165e56,0.004673898671867616
ck_f2c7a4c50e2ede96,0.011913614147446192
ck_285719c77eadf915,0.0037221581941318826
ck_f2aa1b677619ab19,0.005258338789672086
ck_3830c58d841e9e69,0.6450998870989206
ck_32eba3510c8eac5e,0.025068469457781503
ck_8955d7b9030d5eb5,0.006565000569718119
ck_6775e387dace7525,0.03863010147703926
ck_0a0cd7f4be606a93,0.03083750145871013
ck_a9f700eee5d638df,0.015554454850446436
ck_3d7db96995745472,0.020928601200756985
ck_aeed557007d52e9c,0.0021638517640505694
ck_79b6a86830156b5a,0.015567666745567576
ck_6a1ff9d69466181c,0.9901914530233572
ck_f11b1565f986f5e3,0.013476214159305758
ck_4819327a78615485,0.00617612195086938
ck_3ed9e081959b2f5c,0.023259670272514712
ck_16af4be191c47d3d,0.0029694229435996804
ck_25122cc0e8b1a662,0.11777853970486114
ck_509c22828d467ba3,0.06207908853122377
ck_31109c899336348d,0.007650465946996543
ck_c51131e53baa59c7,0.00454335525672758
ck_cf8ecabbc61d3e11,0.01397255268307486
ck_eb6baff0f85ba936,0.02880823854620559
ck_777669e2243204f2,0.7267491100448362
ck_ac0ea27e692acdc9,0.013288733135829936
ck_4c6ea04ce8ca9e2c,0.010856573931674425
ck_ca54b32fca7e94cd,0.004362173892353487
ck_4dfd8947f540eb24,0.005387326849720018
ck_95aff1fe27fb24bb,0.02171531529073315
ck_c7550723b90e5615,0.0026910516179975796
ck_57b3fee69bdf85e8,0.0031538136623919903
ck_f823407ace7ff064,0.03895099330132553
ck_a69084a068bcc8aa,0.0821007499856151
ck_c7b17f7b24bef5d7,0.02043315430441278
ck_7c4e588f927c27c8,0.014651065142042332
ck_77fdac602d0c6f95,0.03645838347604554
ck_e963d8525018d072,0.008103127140514142
ck_6e8ebaea8f7bffaf,0.003119606891091973
ck_aa42976a31cb7770,0.01042748784293279
ck_22c862a496008c96,0.9867135405721607
ck_527550dd15f38782,0.03126417211336957
ck_b3ab3c210e2c7c19,0.020383290568991574
ck_ed9c56fdb9f45ddc,0.49653510939370715
ck_b53281da70defcfa,0.006269216880141336
ck_03009b721568ee98,0.09740660226243181
ck_3d9afd862b3f4053,0.5611201839035617
ck_ad3c4be96599554a,0.008245072748809446
ck_d1c787c27d50af49,0.02499390692160769
ck_c7a9c7b2eef46a99,0.04595919805762951
ck_53036d3c6c74446c,0.3958436016454558
ck_1b1efbd9c0964c8d,0.02289145102591983
ck_d66f42a269d5c1ed,0.06439066484496177
ck_fefc49a2b8ad993e,0.012481630871515137
ck_8b3b874249adece9,0.02704261069155896
ck_193d9c87ad3f1dad,0.002863169463752002
ck_0c6a50d747593b7b,0.007837222356864014
ck_c830f3830875b47a,0.02648988020980464
ck_79e202f06d8dfe42,0.026984029780345507
ck_5c0fe988b8aa7fcb,0.1729304338308434
ck_a8382d8345f21e1e,0.0037372672816531304
ck_8cb20053914692d0,0.059200213645132366
ck_1da2f69023ca4c13,0.0027582581876410537
ck_38abb60995114f8f,0.046708182553847184
ck_f5791fd8fd8fd191,0.01350308440366995
ck_a4e6fc391b674335,0.39952433464846465
ck_bd771efb4a7e15d0,0.006104216371614479
ck_38ba4a6b6a292054,0.09282357078023784
ck_f7a07283345a0dce,0.0067316651051496515
ck_87dc484baaf5a23a,0.007883786110665598
ck_c84ef83489badbfd,0.021041954170002413
ck_a397cd64ec5d644b,0.007681090743042755
ck_7977135c2ff61e92,0.012909270674199417
ck_52174855b243a8b0,0.041529783206551485
ck_0f35e930d0614613,0.978252370115877
ck_b170a7db522a0d6f,0.019298460673005138
ck_7af748a23775bd54,0.06607409076261116
ck_52f641c9ee6fda70,0.01642629388713283
ck_c3719a30414bbb4d,0.020639978203531664
ck_2baf214ad6bc0dbf,0.04571174467044892
ck_8b39d8aacfdd72b4,0.005946149322903838
ck_d39b0152116203be,0.020988158811795277
ck_ed33f8a937f9c7c8,0.013293904604260916
ck_8ef97b55a5fd6ec9,0.0029875909669840306
ck_8247f008a14bd1a2,0.004651108759587946
ck_f0d349d68249d5db,0.0027648454107811146
ck_a544e766540861fc,0.02136057434716937
ck_9dfaca4c7c80b10d,0.20107009268855688
ck_7e5401c362b2216a,0.004139495206288172
ck_64ff60c073fdb6db,0.019666143017833655
ck_fc5ea49518e5d637,0.007138986205890587
ck_580f136ced341298,0.006079129924666994
ck_9cbef9bc95449dca,0.015139622999474684
ck_e475a3b8ba870a7e,0.015857473385916435
ck_97e94708bcf43563,0.005142134028632835
ck_13f03ec785cbdae1,0.0031808711689683307
ck_152820d8817f478c,0.013203995125472668
ck_d20d4ba60eec9945,0.020568756863610774
ck_5c45968a805132e0,0.024058637868851054
ck_bebea2cf3063fb24,0.011917248224315849
ck_c3c69aefe7ea1d2f,0.014089705853471314
ck_02028b72f26fe855,0.015373501191530132
ck_dfadff70a58a9133,0.0033347942509959587
ck_6482ed4491bedcaf,0.008650998108277826
ck_754cd7b4a5ae3f94,0.014736140622888772
ck_3132857aec8485bc,0.0026900036474437426
ck_7ce4ca91b8f9f1c1,0.011143820723260284
ck_41938582f4351772,0.00871966775930958
ck_f87d66946252476c,0.238368912252492
ck_8053f1879a9b4e43,0.005358005270912251
ck_93892e91387f5103,0.02385949668363845
ck_15254db133b28371,0.010616761736307094
ck_d557b9feb241b3ec,0.00397249270738776
ck_71c3a8e4c12c989f,0.009620322148862897
ck_80e3041811033443,0.03614854972763837
ck_3380d60067b4634b,0.0056342641119587365
ck_a9c2cdc758df8510,0.02758344925738772
ck_3c0031d7514da17b,0.018653907360806386
ck_18d214b1418be39d,0.008901113975457552
ck_7ce768407fd48321,0.018401528567099857
ck_7a50abd42298133b,0.0051179534019983215
ck_2db10f987d137582,0.03596053297598401
ck_e077d004cd1d80ae,0.009479473107835394
ck_1cb6dc67f9a321b5,0.038408894059109265
ck_b864f64101149c35,0.28046127080774347
ck_9bedf54df9418e4a,0.006463799755132515
ck_c47e32c47f0e6578,0.14535525097002136
ck_71f382d5e338daa3,0.005946976235244701
ck_14b4bf7be6ac2b61,0.04170223091013788
ck_5c87eea1cc07cc92,0.036373432671371525
ck_5f445182829ef342,0.03202119653337827
ck_a5d7311291caaa54,0.005428640352800606
ck_b7df99aecef385e6,0.025101042957233057
ck_3327a0582407068b,0.019633737017204375
ck_08dba09fd7dab896,0.01652671597252441
ck_f4ec334be5266378,0.003442542224233288
ck_240f7f894c5a86e7,0.15504004902856994
ck_a9d994554fc14a02,0.001804081895677022
ck_13648cbd306eee6d,0.014683150527249994
ck_601edf9105b3c321,0.9784197591477802
ck_9527adac182abe57,0.19321198768809614
ck_4e0e80f5cc271bf7,0.0026540967807259304
ck_96a89e720176b389,0.05538327667775197
ck_63560eec94b76d2f,0.014501956333988405
ck_c9c99e5b19aeced8,0.0038459393031609087
ck_bc32655ee5ed643e,0.015300225113929145
ck_edccb5a93b741744,0.00833040451410916
ck_f786cbc987b70930,0.0027015508081528025
ck_0e8f26536ccc8947,0.02523592244868207
ck_b87ef4b98cfcec4c,0.03231573745006608
ck_1a9235812de4b2c1,0.01824271220308561
ck_d1ed88ea4211ba4d,0.005041744190866017
ck_a4ddac49657a4450,0.018179256250151397
ck_d9ffca35188e49d8,0.01750520547664285
ck_3db73bbe03c3d240,0.0042788203945459576
ck_fffa0622344a36ab,0.0035812286692554988
ck_148c28df51bba5e9,0.9375055636540348
ck_076cbc25c8f15fc3,0.8906797561443217
ck_e5ca550b39ed45bf,0.3140445711425537
ck_8dacf3a2061ca17d,0.018597091891406434
ck_2d7394afd61643d0,0.004806342435288362
ck_e42206e91f6a1752,0.0018657071962576261
ck_2f4f94827984c426,0.0035276472634546154
ck_edfe8e90e8f4366e,0.004504758669379185
ck_646b15f753e5e9c6,0.06982107970074596
ck_66600620149c8799,0.004241276527206496
ck_4ff6fc70bccfba96,0.24229501524860542
ck_41af3729590c2484,0.01515155124770763
ck_920a48ba8c583e96,0.004333006795597414
ck_0253b3e7be021306,0.0022020977320121094
ck_2ae6949246ea2648,0.01270191196283635
ck_db23a5100f338d72,0.009430345901287858
ck_fcb2a559474c3493,0.02547396278832312
ck_0a4d7acd2a53cbbd,0.0048521912002192505
ck_c5d62b2b7a6f3bac,0.9671845450567277
ck_cf59f4fc0ea690b2,0.007960248325368824
ck_837be8126bb19250,0.010448962145185273
ck_58955542edee1adc,0.006829613764418469
ck_1b93381d8eea58d1,0.005947091724054038
ck_97b8e05d62abdc14,0.013043782899006586
ck_71a0d645744302a3,0.0034657016912286753
ck_a7b57882ab66b111,0.004002966826154406
ck_65f76421be648549,0.00857096245234227
ck_b53ea8713d32ca7c,0.0171625615469618
ck_991c4c924a1d85ff,0.7178438823939483
ck_8432ccec1a4ec7fd,0.9706783234621207
ck_64c1633297f43788,0.02817046357016019
ck_4291fd9c1161d8e1,0.023739031345392247
ck_5e98ed6391d9f429,0.039500503326306856
ck_c7baebe4549fdbb4,0.0328307985898691
ck_6e67225ba59fa5ae,0.026987022811297955
ck_719602def4d35fe0,0.020286371200146144
ck_bdee7c86f5ebe81f,0.044215887275175725
ck_8de38f8c7f91961f,0.032562343152534125
ck_b0b5bf9254700402,0.005566599521851218
ck_7b55d9bb1a250d4f,0.029243936220810063
ck_3954b7b0fd1d6614,0.002917829918686178
ck_f29471fe7c818d6a,0.00494235306483131
ck_9e65a8a2f587691a,0.010814909305905542
ck_eaec5f1a83b66eb0,0.20002975649802224
ck_004fe0daecbe2c1a,0.008742549343829393
ck_d17653a4a2d4a79e,0.02663835193877589
ck_0dd417fcbf19e424,0.03077344036809515
ck_4c99a6eadea143e2,0.17604535540032415
ck_74d602c907ee9119,0.0029455397245378954
ck_1aa87cb62acc0ac6,0.009886885855686832
ck_094974d75e29fb2f,0.13368500519179846
ck_5ef935ac3d4d3332,0.013362264008489824
ck_b26e4ae47c9107ed,0.2047996327489988
ck_396cea6f95186ad2,0.012637159638429171
ck_48446a9e8184c7d4,0.002505347200229767
ck_31e1ede23247d56b,0.024144995513763173
ck_7afefa349b960a3e,0.009780105596580864
ck_f5e02a3432571b20,0.030577939618970467
ck_64eefec062592c43,0.007473093273321949
ck_a1201284122c141f,0.01289413102096086
ck_1b34c420a4c85a95,0.009576068155810939
ck_d637a011332ba67a,0.004180576520898808
ck_99c0004d8b7079f8,0.014369662545520476
ck_948517bad569b40f,0.10910984145899912
ck_a28d6b1601b472a6,0.017749060726504635
ck_a0b4209feb31f5c0,0.9867445492612806
ck_d6d2c1f6dfc455b6,0.028298968465064592
ck_3f9e6d356d3dd3cf,0.010276753892636124
ck_d08e00c842b75176,0.009596099098107644
ck_bfdd232a7c5f2660,0.01747678429996011
ck_2cdad03ed069438c,0.02827351388217228
ck_42317c3eabd0a285,0.01856612254007574
ck_3eb73e56751c704d,0.012114193004886073
ck_ef33c04f4c9e3758,0.028853400949881442
ck_1dc23dc870f1773d,0.01529097829769805
ck_76091f357974a152,0.010067652926015412
ck_4d9eb75e8eee90fd,0.0833900780818273
ck_578f67e69e5d2cfd,0.005257773862720766
ck_3a8ce1cc724229b8,0.0017942280101082085
ck_a96887f841e80fc1,0.044251785352029005
ck_d2d4a8f4a9f2c33f,0.007168631697023311
ck_11f85bc705dbe036,0.02072327439122434
ck_7429b3f87528e335,0.003641484747194112
ck_26df74feac7ec51d,0.022528656680156262
ck_c78b2638fadd91ab,0.04052601593678356
ck_7eaad325abe3b50c,0.004314892051533181
ck_fd44e34af620e606,0.02714194638302497
ck_f99738dff854e25f,0.0021614702790844387
ck_1ffbce3a239bb264,0.005479615579344808
ck_96c7d52ba0a766ef,0.042307154530897374
ck_cb1c00c300af3f9e,0.07660444588361573
ck_ec3d12848ced99f2,0.012085516886096518
ck_26cfd7c3c6c7bf69,0.015567804185567975
ck_7ae86b5a885affc3,0.09138322544332382
ck_3edaa94d28cd48ea,0.00818358601415053
ck_3209c530c9812e39,0.005759530611039132
ck_ea62ebfc1f04b49a,0.007941512113066632
ck_5fc90b4668ea81bf,0.013918593863835657
ck_95654593cdebd141,0.006877255869769315
ck_958c0bd61820147f,0.03574525664877951
ck_8440ef1386c07194,0.004763498332167736
ck_8cd1b68dd74b1375,0.3531699260026395
ck_c9eb4df91ff07f2c,0.02586693577864728
ck_c29489366c01fe65,0.9429889678646296
ck_c965fd6bec0f0ecd,0.029046155888362134
ck_84c402b23766e1f2,0.016658435888671955
ck_181f3dae03b87136,0.010659537473065498
ck_022a8ae79eb28cf6,0.9011668195582335
ck_469c17407d17b706,0.017289572121534397
ck_1fcc5843f39148a9,0.005667288034262311
ck_5debd55f361b2ddf,0.007101580027548719
ck_28cb9b03e89263f1,0.004201813240574585
ck_f067470743d3c7a2,0.038493714267435884
ck_d5d225ce41a1a762,0.018396198249350584
ck_15b4840922195ffd,0.009585468077056325
ck_6bcfa37c717f19f1,0.0235281081918117
ck_8d501a0386c66be8,0.10885663338569392
ck_1a9d6190c57ea7e2,0.4925343776549726
ck_c49832eabdac5bb7,0.0032484243082160982
ck_b4331140b2e0d4aa,0.009971738865736627
ck_5efbea1befdefe1b,0.17930988341649864
ck_72ff52c4824072ce,0.01955599808451231
ck_ec3715add8bbb6e9,0.004092793144434115
ck_9822f8ed05335741,0.01772471706640862
ck_c3d7d3d12a1981a3,0.0038552520792172243
ck_a115a7919ac5875a,0.048881869862132166
ck_4dd4ed23e0b927b7,0.15607086990314115
ck_4c76efcc1ee6762d,0.013529350547043628
ck_3ad6e7bf452c9b21,0.010151700729537532
ck_dcbab304b55a42c7,0.011762420636430142
ck_24b53090faf722cf,0.01065985685889363
ck_187317383400491d,0.005539135142729142
ck_e07fd57565c94c28,0.043351475334304806
ck_740e760fdcd27835,0.0029291922964459756
ck_d3796aebda1cfed5,0.7621448489943482
ck_e541967c681cb929,0.050636314792246256
ck_431118050b834dcb,0.008019588320841676
ck_90f3655f0c8a0074,0.0032643241314747984
ck_13cd943777651aac,0.014287726244726608
ck_66accecabf3901c0,0.016754634712915977
ck_937f0da2306b2eb9,0.059996565139751164
ck_105b0c93573fd5b7,0.02104354289116536
ck_00480407160e0743,0.006716616992749138
ck_e032068be7b77d15,0.015847158160958677
ck_991b7dfd69098320,0.0035343211791875524
ck_37d47cf0f34574a2,0.003628970429362768
ck_011551a596544f5d,0.0024148298307264983
ck_9acd98f4fe2d474e,0.19979454026289845
ck_7c88d3d377bb61bb,0.025869503466063783
ck_e2374c7136c964fd,0.20004456698736472
ck_2fa8f2577116e9ca,0.02536952070935557
ck_d07c5b0321c685ea,0.25543157046173437
ck_bc736114a31088a7,0.020090547151130563
ck_32bb42f9bff197f8,0.04823161943909724
ck_66267bbad1f1415f,0.9696242921285961
ck_19988702ccd79201,0.011938591034379832
ck_f473a03fbcdbc4b0,0.005088243111334785
ck_e3f1d85fa5d49396,0.016991434481620327
ck_c4402ea6291df271,0.013033336744560758
ck_243bd5ca8c4ae5d0,0.007149155865419944
ck_f271e855925e8d6b,0.10849432109556463
ck_e424148c6f2223df,0.008678519901435663
ck_e4d0a9e1102a58b5,0.009532369256492923
ck_91c2a5fe69b9b1d1,0.005604429571084421
ck_5fd8924732fe403e,0.2695687602818488
ck_9a881d5433126ada,0.0070016907067414055
ck_73cab88b29c7845d,0.027799835842723452
ck_5b5dea6476d4e182,0.020665978461445057
ck_ccccb17d2ca6ce94,0.16437734527747574
ck_cd1dc68e441222b1,0.856731156078764
ck_8312c49b1431a406,0.02836860568592836
ck_25fea39897f2a559,0.010995991506695722
ck_f56200205280bddf,0.05347640791308938
ck_7336611650dcc088,0.003365251170432884
ck_590716322ff147ae,0.028638158209543962
ck_c82364d87875a1a1,0.020629424689589598
ck_fa4b60387d744fc5,0.004502990185471782
ck_d841eba8906e9a15,0.005027846073855508
ck_d6df562a79b9d0d9,0.013233697897215837
ck_59a14d2564193101,0.0057238399480161505
ck_8530158e3d7f59e7,0.005779290508712995
ck_ac68d707006c12a8,0.022895018036313802
ck_976fac1bb3dd8c58,0.04166195917263671
ck_f854fba8f4adae3d,0.17580050769691521
ck_b98e9c3ec6e7d1e7,0.008048949785013642
ck_803c0b4cf9d4bc1d,0.016817504681875144
ck_76997a33c3ea5107,0.0034204285460169583
ck_f1a9d832b700bda1,0.9687512876480054
ck_2bd96ddb8c323d63,0.9779849291282074
ck_9e5b7acf51b1b743,0.06191079899178758
ck_09169f22194fd6aa,0.021093268145189952
ck_6d69e092f9b0848b,0.01623208931274855
ck_9f83fa5a2d3b9049,0.019531022439132295
ck_57bbb19eecb4b87c,0.004749136381608974
ck_e0e9cfabb979f428,0.006161126517307197
ck_b1ff9edc51d42f97,0.006886443029181579
ck_4682fad271d47eb0,0.797526795394452
ck_ab33fb754c818ae3,0.03484860187060434
ck_b456f62b80e21557,0.0030497177315037603
ck_16340be3f2a7fffd,0.002953869160297825
ck_ce66831f6611014c,0.01220684112220334
ck_4610a073bb54d1b1,0.00968527984056855
ck_fd038a7d33a9d6e5,0.0031479462524273438
ck_c8198cb4c461304f,0.07315586740832204
ck_1e7de58822000dea,0.0031350212077171425
ck_b2a79dd3df560f14,0.03285535833659894
ck_74a06f347b32347f,0.008063037042201621
ck_c6fdb2972417c9bd,0.035583929366005844
ck_d7607a213b800bfb,0.11710003173901051
ck_df65967b8b40319c,0.0026606448245460857
ck_329a73dbd585ee09,0.010114390229759634
ck_74991a9e85c3b07d,0.01063390932592042
ck_bb76609b79e0bc9f,0.014057573040946
ck_f7fc1bd0b9ab1fa4,0.017576199743394725
ck_d111c98b36bdb791,0.0046473329752933406
ck_f07e27d125497b66,0.008853400384354818
ck_093e3a7134e11d6b,0.023376196828282594
ck_862c7953bdea48b0,0.008319972522572402
ck_392cf2cdd515c34d,0.009964545378651822
ck_80eb91b0b4001084,0.05507263324350404
ck_5923f53b77193a58,0.06074455520880617
ck_8049f5fce32be185,0.7837235747097413
ck_ebc5a2c6cf88e252,0.06271212066791572
ck_9ea5872f14cce338,0.021335288236382022
ck_f7fbc95ebf584379,0.008212671831958713
ck_bafe82c870356706,0.956908709190254
ck_278b36c5932d9bff,0.021305939258478717
ck_6a892dd5d05c1649,0.0527504615137507
ck_0734fd90b2cabd43,0.009756630211141752
ck_9b552204498b6762,0.019748843175394225
ck_f6c909c205767956,0.050731191417580895
ck_32f590e87bc3d715,0.0020029699637528864
ck_66a8325f28be7562,0.006523179992544932
ck_b129261da9c3c3c9,0.021782273930124777
ck_a524071c51ddde20,0.006500249468840588
ck_ba576d6d4cb6130b,0.11749880924803983
ck_8d8226520722af78,0.03321137835644145
ck_c5b0f0d4f1655a20,0.03898369809372102
ck_61814ae9b6d8eab1,0.008745868872539383
ck_382ebf136f7fa337,0.26770317176981523
ck_423ff4ede6a9f066,0.008833535233302764
ck_546ad962d04b7de4,0.9266222799694078
ck_9473ea4a01c95f9a,0.04791855970869643
ck_9eb1da8cd35a50ce,0.013186686167382786
ck_de5eaa2cdbcb67ff,0.09978375262532241
ck_537cc97d0398c922,0.0313337909744976
ck_998475a2e4dfad4e,0.009790148902189858
ck_e62eb708d2688fae,0.016682373302545156
ck_ea623358f704daa7,0.12014669309339805
ck_b911a09f328dfd4b,0.007713221110805414
ck_4b3506b624e5193c,0.03961804706242631
ck_448456f96788713b,0.02830709798528831
ck_5d5ef9e75f65d076,0.05070450578427602
ck_3b74512f774a6e5a,0.006386511887392956
ck_a032e8ac1507c6df,0.5045503305593465
ck_7e2d6b22a0ae20c2,0.024886078320831256
ck_d80283209c963f11,0.007895009126970427
ck_d1157eade2ac3975,0.013198823462736287
ck_be48f583f79427f7,0.03098304234347196
ck_0027b5d4107d65d8,0.035751580403472004
ck_94fff69584dd3b2a,0.015913484132024047
ck_75fcda73f0b43557,0.0066289154353003045
ck_a1c78972e4ee4082,0.1234122132742287
ck_f0982bbdbd122f91,0.0047022293224422175
ck_3199b471575aeb3a,0.00989204347725281
ck_7fa947a0b1c1cf74,0.029955783832150872
ck_a60c618b7f0e4252,0.015026607359438041
ck_722ac47c8ac9b6c3,0.17792632250599305
ck_d44dc3839a195c8a,0.1292649717322992
ck_a2c3e82fab520483,0.02129013577085136
ck_6f8ae0319c07cafe,0.004670925521997821
ck_49886ff1e2c759d6,0.03045541426641075
ck_150a1108f936e6b0,0.005691005124958306
ck_e21f9f96f597695b,0.01312779214507581
ck_7297bff2b7fdcbc8,0.0017318911969126385
ck_ee949c71f4f702eb,0.9728686810655708
ck_6fc37dea4b4f35c6,0.042704801011429185
ck_e76257caa98dc25d,0.9797496286865558
ck_828eef2334e17b3a,0.015363638610272337
ck_604e1b8a8c693aa7,0.008710239401847618
ck_7743c9fe037d1f9e,0.21968052098149374
ck_864a11202e19e812,0.19591756263485396
ck_4ec040b9e3785e4a,0.0033043913633807073
ck_7346e4f820d9c00a,0.8748084693409762
ck_48d4d63beb26b623,0.007558411723081177
ck_c423aa6de3ed1e01,0.0034925744556924348
ck_d74b2ead8aaa3f73,0.018731330980720533
ck_1dd69a11daa7bf1a,0.05120371948369473
ck_d9143e236eef177f,0.006672688796427652
ck_f790d91e5ff0eccd,0.07861297043912388
ck_69b5620e00ef5dec,0.002590714486320769
ck_cd32e58e8a1c0e85,0.010152308244525449
ck_064013b0957d87a5,0.9887995739016032
ck_a481385c2e60dc4a,0.039680253783112296
ck_d72035cb29db3aa4,0.01416453834681228
ck_3759939a0205306d,0.010695272882041836
ck_f437a53fc832ec95,0.48119275392383987
ck_260ef2f3e6434819,0.05995633383857069
ck_35e411b05d22f663,0.014344973342813191
ck_8bf46e472f3e20de,0.05526041481501113
ck_d546994fc5d3e9d1,0.011505130439115135
ck_6ff0fc7487e737e7,0.17874350502121142
ck_5c67f27816ae0b6f,0.017062093448660144
ck_c5517923458106ae,0.004965936795333847
ck_d9735647a6b0b0a7,0.5809528739123612
ck_541a734fc457246f,0.059333271088502004
ck_2f6a639468f41043,0.004925054096509819
ck_bea2cf7a6b7bb900,0.016391951401613317
ck_7eebd0e6ad6c070e,0.007864762093305944
ck_b64c87d5e3b10e6a,0.784669137004438
ck_9dd7daacb7833233,0.02716600475596824
ck_396e9ea9a6c6d7d9,0.02359814204260267
ck_1645e6cc53fa99ff,0.022049499037782416
ck_ea2a83ccb8d57490,0.003318136272270426
ck_e64f0df63e1be595,0.07246561776115278
ck_fa0b234481cb57d3,0.025116228138909003
ck_63379e3c9fe6f711,0.03651879101950209
ck_c67f7944896a0310,0.029515683774325525
ck_c10e54c9db29e6ef,0.9802840323151765
ck_7184ad7709ae4c80,0.027818715636904977
ck_f8b6069d7577fde6,0.005782333572451569
ck_18444be153bac1ca,0.848386145584303
ck_d0982b4e0e118e4d,0.01939362783837441
ck_6faf3e6820398866,0.005274172254444248
ck_97e980463aca4644,0.004690860882880433
ck_630c835243c66b19,0.9472176407593476
ck_fe429ba3e1aa0e4f,0.021389213152537334
ck_1058129ed7b48c59,0.017398756743109606
ck_04a1a46f07885296,0.007127628199050222
ck_f01e94331067edf6,0.009419719778423994
ck_77b2fb17c29f5e72,0.029166778305383837
ck_4f0c5857da45fb28,0.15264205179516635
ck_2cfb9a7775e8a5bc,0.921155704996008
ck_6846100e43659bf3,0.0052532174700080925
ck_f89719a854fe11d7,0.021467959921709818
ck_bf47375e41ca3bc0,0.006102820849020025
ck_2770b0400a7bef08,0.1346581369506247
ck_2a09d142de1c77ff,0.018427938840598363
ck_857a1f5547b9ad68,0.03520717106574275
ck_185f15b1523bbcf4,0.0044147558573460945
ck_ab2aed614ec1cdf8,0.018238047300015294
ck_a9e7f3b2d5dfd97b,0.020135884088656034
ck_0eeb3d9b3e697edb,0.01853390354837101
ck_fa5830d81bc8ddc1,0.0040199232062638765
ck_231ae0329ebc3220,0.02332156004272265
ck_1587763dd54688c9,0.006075110943704709
ck_9f85fea4490c00cf,0.01328183735310072
ck_a2d709e7eb91e4af,0.025815753762680235
ck_43637d28c7216453,0.006060646065390919
ck_f3ab5dd853d38252,0.036770985862137916
ck_4a1f0172d3bf4fd3,0.023988667775827727
ck_517620ca16505af0,0.006424322754772906
ck_9ae904fbef56065c,0.007340049379144995
ck_d5ef1f6e34bb35b8,0.07395280380895325
ck_ff42557857ae3aeb,0.0021178074099158345
ck_ad9a18f58589faa7,0.009259582173822242
ck_df1a6edaa3e6b271,0.003861782076708517
ck_99021fe7225b5a68,0.06362593688644345
ck_99e52c3c2530b69e,0.9799315986322834
ck_3a4811dc4a1a891d,0.004500857759044401
ck_ba3a6be026c87079,0.009382414400777887
ck_da6d1e5cf6aba6fd,0.021153206394367352
ck_ddc7c1f3d45fe6e6,0.016774946153814724
ck_e1b1e7a7e4a15b3e,0.0077775412888311845
ck_8288f7f226e08b89,0.010241897079583928
ck_c4524993ec31dbe5,0.005474540289247782
ck_8b19bb5b23b6741c,0.011423204706677537
ck_d21b38231a8a9f4a,0.10013767158942251
ck_3f730318a9792292,0.0159603322497181
ck_a4db6e94a8f77f9d,0.10833003358259306
ck_a8cac8d480306839,0.0033192250636547883
ck_5472214011fbc2a7,0.004264888922819314
ck_7356f47dbbbe7904,0.004453453967387069
ck_16801e628e883d78,0.006656724275234389
ck_0dc1e536231c4860,0.010184998143233476
ck_7cd0634a6e60af83,0.029506154147135106
ck_ef6f8e048ae1bd4b,0.01490054970215246
ck_82f3f744209888ac,0.03341197871537339
ck_f33188c232a03526,0.23788299006879032
ck_4a59f4e10bf45d7f,0.003927729507526416
ck_d96c893721385e4e,0.0061257169912091285
ck_f65ab819373edb37,0.015904251790823054
ck_21cac21fc10b7768,0.0065438307083433124
ck_139b54e6ccbdd7da,0.037747268117313694
ck_d6f5c8741697abb3,0.023863874462238754
ck_a28d9bb5590d458f,0.11512293567565939
ck_ed26d906883bea0a,0.02558231980850797
ck_227602ad072b838b,0.00258931359541344
ck_39d5f6c17c745ab1,0.002881429797206455
ck_744eade757ba69b5,0.026298416493561388
ck_c1295d97cdf35ec2,0.0074129429604462985
ck_69105f881da3c821,0.016071025971766333
ck_933789b55361d7c1,0.8675644086404501
ck_b667952253503174,0.006665125869016433
ck_7bf668e25abeeb05,0.0048144334292784625
ck_91742711dfdffd56,0.018767324879838513
ck_af32a0660090dd68,0.044832578640566535
ck_2122f201e65f76ee,0.010722258386786991
ck_f48acb73a5d6af07,0.03579005998891648
ck_337c5684510cf432,0.04509107882930204
ck_f7bde7265053364d,0.015556723532419325
ck_c190c7b924edba75,0.06691360845179568
ck_044fa3b3a003f0b5,0.02194855607820537
ck_87eb43e3b9d96169,0.05433574152346978
ck_2d3d6c9364362017,0.0036416654906989074
ck_ac55dc6cbcdf8228,0.008470550834365704
ck_61d7b0568ec5d6cf,0.01328853920396864
ck_89c74feeaffa7d09,0.009045098249375027
ck_93776b0c113f41f0,0.05035440245270082
ck_15e0b679931f7a8d,0.00801620219601297
ck_77b56c49cfdb1d81,0.13457977750449387
ck_73188a826b5f499f,0.00867408638275823
ck_4f463ef25325ddfa,0.18799401539795998
ck_863db2e394dc47d1,0.8843181638791785
ck_d52432ed597f3cc9,0.0077094236926473145
ck_04fb61e5739642f8,0.1486363324207531
ck_2e481d75d110c06d,0.055386032689931065
ck_3fa1a523d77cd619,0.01493977404178048
ck_466dc6274fecd708,0.018198616485155986
ck_e1790b3aa2241b10,0.7953736418393976
ck_84ad096a46e1a960,0.02321125575819127
ck_3be72c9c178fa00d,0.016858947433567043
ck_5a17c89219d1d9fe,0.03523927249769799
ck_4f639f4ee6ce8d9e,0.08899532981225029
ck_f4ec4a935e51b4db,0.015501183208279833
ck_f04040a830f92bac,0.009099541957000759
ck_3e4d02a04be2aaf8,0.006379071600305421
ck_4d1baef193cfb900,0.04282723841955646
ck_0fb3153d37626b75,0.005279705655631981
ck_88ec57a11b11f702,0.7942303588510553
ck_dca9dc465f759db4,0.02330462687370254
ck_64f5fba6af67e024,0.008003521177545613
ck_896096cb167254ef,0.051966414035035935
ck_7878679065876b98,0.021881848501113948
ck_fe8e5a6c880ceb4e,0.008221201513220857
ck_a5e036327d3d1862,0.005515148792510298
ck_310f73940fc4cf4f,0.03899970996266055
ck_46a8db16ad00b749,0.1250066911963281
ck_0d33977c3de8cfaf,0.9883679098062644
ck_c6fff412f531db0f,0.002016166394732751
ck_bac6dadf428eaea9,0.04678881968918444
ck_1b96d9af0d7da2d5,0.004675482953353255
ck_fa8a4a9e77799fcc,0.0074349069013554606
ck_0bf48607a874b4d1,0.007162408427234509
ck_eeb75f8a6439f65e,0.02831972351072648
ck_a209a5f7d172125e,0.010443101501101304
ck_8f346b72fb40bf14,0.013627298466632541
ck_bccbf9fef367f00f,0.028988692717620165
ck_2d1548f1ee405cc9,0.008807202358796035
ck_e8298ff2dc1e9d50,0.01498267600481619
ck_77c0fb524edb4a94,0.006429723718380611
ck_28ac4c5134cb8e77,0.018699554538845375
ck_db23a0e3e54be60c,0.7600445152828149
ck_a059d00cee5cee99,0.006328828023840311
ck_3e9e3bba8bd363af,0.005161911207911773
ck_0428728df24cdab4,0.007058650630633823
ck_88cd35378075c84f,0.0025947792150496714
ck_0174d76398d9dc0f,0.011744982931150921
ck_3f1287e6c27de0dc,0.009479374290494287
ck_ff822700f3605e06,0.9872721243938849
ck_4563227b2038ae07,0.2271343369740344
ck_788e78065526ee19,0.04303955061925086
ck_8a16eb584093b12f,0.0047725138019236455
ck_cc276f71ab6c08fd,0.029779480596582007
ck_d61d97b21002f3e9,0.032077999871142286
ck_4b2e87d86a5e415c,0.03963588645175819
ck_3e6f35e4500d2f2a,0.002263035364188041
ck_3acdb083e0d8ad61,0.0023627510264427366
ck_cd655202db489010,0.01156601898585335
ck_829cbf5ccda481ae,0.008855435555365497
ck_f5882e6f98b8b4cd,0.0020844153048590486
ck_767947540b234add,0.006945290545182559
ck_a6e8e8f535b1f1d1,0.05364298243512611
ck_58412a2674fea506,0.03212028187949057
ck_fae7e518a585fa61,0.03135369125200017
ck_9c60ae6958d68dbd,0.15237850717163212
ck_328696b8f5e54ec6,0.15470696715933344
ck_7df3f8f4f1068d62,0.0031326227287531067
ck_cfadd21458230ef7,0.010559046737224248
ck_7048bedd554c703b,0.008042120998296709
ck_50422466f145bfd7,0.005445802860519661
ck_61e1f7168cd9ff25,0.053560706821034886
ck_733aff0f56f5b3c9,0.02124846260204209
ck_e14892e424180549,0.0038575320088460306
ck_03f6664a96de7d0f,0.021529651763086827
ck_b7f4baa2cc82fe61,0.006862050889388811
ck_1e51199a075ca0fa,0.005203090116983929
ck_0e70516fa07cfb17,0.8184212028880632
ck_0f37c554a5057801,0.2995254154595419
ck_5576b725de38d106,0.010074721917307761
ck_82f360df1e9f4eb8,0.04462960961002188
ck_395f3bd4aacd7ca6,0.01450089371662154
ck_5e8e857b63966609,0.17221363660864608
ck_93470896f0804b6b,0.9228222993436042
ck_3be854e42e76569a,0.003138122807612701
ck_0567302c57a2417e,0.09243974026424089
ck_ee535461b5f05539,0.2507139061215783
ck_94a096c36162a153,0.01022818701427751
ck_dfc8f5c141fd7c63,0.03199964061273485
ck_98b34f2d704c1c2a,0.017841089528349233
ck_96dff7a09d45f116,0.07266841135874645
ck_79557434c129ba52,0.007091694497301745
ck_4596624a7c01d501,0.010679213016834221
ck_04e89fbd739243fa,0.0027475988660610484
ck_6149ffaf18872dc8,0.004067126132595587
ck_cd78f0832a09bd8f,0.6650377367721053
ck_7e29c10d781c3b41,0.01186347974664989
ck_1f7ee7b23fc6f2f4,0.004959084885165832
ck_c49b685d2b3ab89a,0.013499007579006716
ck_84569a8fc50e73ac,0.011102628668275015
ck_b92b11d205af91eb,0.002262396475209831
ck_06280e6d6d2485b0,0.007478074255799679
ck_3c08546dd0c92863,0.01710184549073301
ck_99d3983f907828bf,0.01061443833897007
ck_eccfd552aa652d3c,0.009677585284373008
ck_0cff8153881875ba,0.0361497151234492
ck_c1aebbeca6ab5ff9,0.009074414577858942
ck_538fdbbb3c2bcbbb,0.017086019634386624
ck_8c0210322733c718,0.013210713855970299
ck_0b0c93039f987abc,0.007866897320073132
ck_6d07d6d1bd227d37,0.2232148929711446
ck_9b6ee35e8cd0b11c,0.004879796274310607
ck_d838491d3d4f5ecf,0.01852967666886925
ck_0593ae243a9ebee9,0.024985241182152684
ck_ef261fc09be8eb0b,0.005271644553859156
ck_d0935b571a4a3868,0.010305659477353452
ck_97d04a67a104af39,0.05492526091784957
ck_e25f70d0b7229420,0.021051034427943843
ck_9b71274ff83de482,0.9483164368062335
ck_6de2aa2bb60978d3,0.026324231438556916
ck_eda55c8fb47593d7,0.011861512892413896
ck_924e572517515f19,0.342013614510305
ck_d6f27eacbad310f4,0.006572538829013458
ck_8550f229b5eb03ab,0.005863083553837973
ck_e3e95546a84d0ed8,0.019580068187732134
ck_3135c019696ee6af,0.8779410893455681
ck_41ba315d8fccb559,0.008327955309834446
ck_72b86e4485da2d0f,0.9085180466766697
ck_daaa995f3c2f0e47,0.019068770859104463
ck_053746067839696b,0.013731300991886302
ck_a15fe7d0f4b65c33,0.3746678509940244
ck_15de11438732bb05,0.003615319548267716
ck_2c4d25acbe3fabd9,0.005690905961580323
ck_7f08078908599bd2,0.014036777665274966
ck_e794741742fb2619,0.02304557075541321
ck_238e53b6dee8c301,0.027261704458411556
ck_53a6a33060d5c8b8,0.006209332083219284
ck_0e0919292ad33472,0.6718477024511395
ck_d86ccf148c06c8c8,0.022203068557637855
ck_c881f26c9bf9ae42,0.4159947226098704
ck_4b0947bf94e9d847,0.04854899559307397
ck_e10ff5c38bd18470,0.0071232304528058175
ck_b60de9e97aad9e45,0.8858050250668533
ck_190bc849e5ff5401,0.016279843575203335
ck_e7be077aa0b2632c,0.004579691483167367
ck_a51abde881ebeff3,0.03112089896426166
ck_2208392a9f6bd249,0.013565313235359843
ck_0259da8f109017e9,0.009571392096130752
ck_05e01ab9c95449da,0.013211159725786922
ck_c82897ebffb6ae66,0.004730702651348483
ck_b4a6bb4689cd7cfa,0.024423507374392753
ck_9e21ea33018ce538,0.01368978342639072
ck_caa348f0e65db062,0.9543336034216615
ck_a964e6b5d8415334,0.45568250573716
ck_510bfbbee37ff436,0.015967063554449757
ck_9741a82faf5c7889,0.026664236447327138
ck_e7f61b4a39ba98ac,0.0046093258006414985
ck_069d158665a53909,0.032658159874226704
ck_6426427efe3228af,0.01409747312808529
ck_ab4a8d02ec3c0fd7,0.0024008337583509335
ck_aefa0d8d933e0eca,0.017127577290001705
ck_232325ef6bce92f1,0.009502611510231955
ck_14e58c3fb26a2b4d,0.01011093520388691
ck_06e73afdec26aecc,0.11098182827723047
ck_3168f4f2778d64e1,0.014257139000465413
ck_ff3998d6858daa21,0.0017123628467447553
ck_bccff46fb0868454,0.4086402153705302
ck_c7d444d90fa86d7c,0.7002801692185043
ck_f0bc3bdee6bfbb94,0.006822270797938454
ck_f7112818a6d81422,0.04969339105154588
ck_aca35dbcb835ad02,0.08412502637365626
ck_f637fabf0f60528f,0.022748917328361238
ck_53d17ab97de1ac3e,0.007932912832276116
ck_c8c1bf16d9113493,0.01718974469936943
ck_e842fb0cf055a83b,0.03593700664626744
ck_93c0cb3dac4891fe,0.013296680547996714
ck_0c1f088e17e46daf,0.02069459866915085
ck_8f4b384955bf57c9,0.006986978752379496
ck_09cd5c4df1e81ac2,0.0659221467829846
ck_1e832a5b2342554f,0.06796034659428053
ck_2cb763a881aee27f,0.00684734596550167
ck_5875828b11406398,0.011753485310843657
ck_48e84b0cb0b90fa7,0.023856397912548524
ck_833688de8629c5c0,0.003110815537977665
ck_117d78ccd5820f36,0.01042888263474546
ck_668ec61c4c39cae3,0.0021408666779886595
ck_73a7794b659d7a34,0.0110530824399135
ck_10f90d879209734f,0.013259651916577147
ck_d1d079913aa158bf,0.006455552521093901
ck_01c631b38e8a9535,0.008053646156704326
ck_f6923088c17a04e2,0.12809029109021614
ck_b447badc9138987d,0.003187605757221617
ck_8b772caed8f1541c,0.014018933353077622
ck_5403c76fe68a08ba,0.45745233490309695
ck_3e6833574edf1736,0.009409401061958965
ck_e527fbb9450a4581,0.8296433114011791
ck_cc90e219f1ebf390,0.0016055518814942816
